'0:00.000',0.025
'0:00.004',0.033
'0:00.008',0.040
'0:00.012',0.062
'0:00.016',0.072
'0:00.020',0.087
'0:00.024',0.098
'0:00.028',0.107
'0:00.032',0.128
'0:00.036',0.145
'0:00.040',0.160
'0:00.044',0.185
'0:00.048',0.195
'0:00.052',0.207
'0:00.056',0.198
'0:00.060',0.172
'0:00.064',0.155
'0:00.068',0.152
'0:00.072',0.125
'0:00.076',0.115
'0:00.080',0.117
'0:00.084',0.107
'0:00.088',0.087
'0:00.092',0.085
'0:00.096',0.077
'0:00.100',0.062
'0:00.104',0.062
'0:00.108',0.072
'0:00.112',0.070
'0:00.116',0.070
'0:00.120',0.068
'0:00.124',0.065
'0:00.128',0.050
'0:00.132',0.045
'0:00.136',0.048
'0:00.140',0.043
'0:00.144',0.052
'0:00.148',0.060
'0:00.152',0.052
'0:00.156',0.048
'0:00.160',0.045
'0:00.164',0.045
'0:00.168',0.030
'0:00.172',0.028
'0:00.176',0.043
'0:00.180',0.040
'0:00.184',0.050
'0:00.188',0.048
'0:00.192',0.030
'0:00.196',0.025
'0:00.200',0.018
'0:00.204',0.022
'0:00.208',0.028
'0:00.212',0.033
'0:00.216',0.035
'0:00.220',0.033
'0:00.224',0.028
'0:00.228',0.013
'0:00.232',0.015
'0:00.236',0.007
'0:00.240',0.020
'0:00.244',0.022
'0:00.248',0.025
'0:00.252',0.025
'0:00.256',0.015
'0:00.260',0.013
'0:00.264',0.010
'0:00.268',0.020
'0:00.272',0.010
'0:00.276',0.028
'0:00.280',0.030
'0:00.284',0.025
'0:00.288',0.028
'0:00.292',0.003
'0:00.296',0.007
'0:00.300',-0.005
'0:00.304',0.007
'0:00.308',0.007
'0:00.312',0.025
'0:00.316',0.022
'0:00.320',0.015
'0:00.324',0.007
'0:00.328',0.005
'0:00.332',0.000
'0:00.336',-0.010
'0:00.340',-0.007
'0:00.344',0.010
'0:00.348',0.005
'0:00.352',0.005
'0:00.356',0.003
'0:00.360',-0.007
'0:00.364',-0.013
'0:00.368',-0.015
'0:00.372',-0.020
'0:00.376',-0.010
'0:00.380',-0.005
'0:00.384',-0.005
'0:00.388',-0.007
'0:00.392',-0.010
'0:00.396',-0.015
'0:00.400',-0.018
'0:00.404',-0.003
'0:00.408',-0.003
'0:00.412',0.005
'0:00.416',0.000
'0:00.420',-0.005
'0:00.424',0.000
'0:00.428',-0.020
'0:00.432',-0.018
'0:00.436',-0.020
'0:00.440',-0.013
'0:00.444',0.000
'0:00.448',0.003
'0:00.452',0.007
'0:00.456',-0.013
'0:00.460',-0.010
'0:00.464',-0.007
'0:00.468',-0.003
'0:00.472',0.015
'0:00.476',0.030
'0:00.480',0.030
'0:00.484',0.033
'0:00.488',0.015
'0:00.492',0.018
'0:00.496',0.015
'0:00.500',0.015
'0:00.504',0.000
'0:00.508',0.005
'0:00.512',0.003
'0:00.516',0.005
'0:00.520',0.015
'0:00.524',0.015
'0:00.528',0.000
'0:00.532',-0.007
'0:00.536',-0.010
'0:00.540',-0.022
'0:00.544',-0.020
'0:00.548',-0.015
'0:00.552',0.000
'0:00.556',-0.003
'0:00.560',-0.018
'0:00.564',0.000
'0:00.568',0.000
'0:00.572',0.007
'0:00.576',0.022
'0:00.580',0.033
'0:00.584',0.058
'0:00.588',0.083
'0:00.592',0.155
'0:00.596',0.253
'0:00.600',0.400
'0:00.604',0.570
'0:00.608',0.775
'0:00.612',1.012
'0:00.616',1.275
'0:00.620',1.552
'0:00.624',1.800
'0:00.628',1.985
'0:00.632',2.013
'0:00.636',1.808
'0:00.640',1.417
'0:00.644',0.927
'0:00.648',0.432
'0:00.652',0.050
'0:00.656',-0.152
'0:00.660',-0.182
'0:00.664',-0.102
'0:00.668',-0.025
'0:00.672',0.033
'0:00.676',0.055
'0:00.680',0.022
'0:00.684',-0.015
'0:00.688',-0.033
'0:00.692',-0.060
'0:00.696',-0.065
'0:00.700',-0.060
'0:00.704',-0.060
'0:00.708',-0.058
'0:00.712',-0.045
'0:00.716',-0.045
'0:00.720',-0.050
'0:00.724',-0.068
'0:00.728',-0.075
'0:00.732',-0.083
'0:00.736',-0.080
'0:00.740',-0.075
'0:00.744',-0.072
'0:00.748',-0.060
'0:00.752',-0.065
'0:00.756',-0.075
'0:00.760',-0.087
'0:00.764',-0.098
'0:00.768',-0.105
'0:00.772',-0.092
'0:00.776',-0.083
'0:00.780',-0.077
'0:00.784',-0.070
'0:00.788',-0.075
'0:00.792',-0.095
'0:00.796',-0.090
'0:00.800',-0.110
'0:00.804',-0.102
'0:00.808',-0.098
'0:00.812',-0.087
'0:00.816',-0.083
'0:00.820',-0.072
'0:00.824',-0.077
'0:00.828',-0.087
'0:00.832',-0.098
'0:00.836',-0.098
'0:00.840',-0.080
'0:00.844',-0.075
'0:00.848',-0.060
'0:00.852',-0.062
'0:00.856',-0.055
'0:00.860',-0.062
'0:00.864',-0.060
'0:00.868',-0.055
'0:00.872',-0.048
'0:00.876',-0.025
'0:00.880',-0.005
'0:00.884',0.018
'0:00.888',0.022
'0:00.892',0.043
'0:00.896',0.055
'0:00.900',0.085
'0:00.904',0.098
'0:00.908',0.107
'0:00.912',0.130
'0:00.916',0.135
'0:00.920',0.115
'0:00.924',0.107
'0:00.928',0.092
'0:00.932',0.077
'0:00.936',0.068
'0:00.940',0.058
'0:00.944',0.050
'0:00.948',0.058
'0:00.952',0.043
'0:00.956',0.020
'0:00.960',0.005
'0:00.964',-0.003
'0:00.968',-0.010
'0:00.972',-0.007
'0:00.976',0.000
'0:00.980',-0.003
'0:00.984',0.007
'0:00.988',-0.003
'0:00.992',-0.010
'0:00.996',-0.013
'0:01.000',-0.022
'0:01.004',-0.020
'0:01.008',-0.022
'0:01.012',-0.003
'0:01.016',-0.007
'0:01.020',0.013
'0:01.024',-0.010
'0:01.028',-0.025
'0:01.032',-0.030
'0:01.036',-0.033
'0:01.040',-0.040
'0:01.044',-0.018
'0:01.048',-0.013
'0:01.052',-0.015
'0:01.056',-0.018
'0:01.060',-0.020
'0:01.064',-0.028
'0:01.068',-0.033
'0:01.072',-0.045
'0:01.076',-0.033
'0:01.080',-0.033
'0:01.084',-0.025
'0:01.088',-0.030
'0:01.092',-0.030
'0:01.096',-0.033
'0:01.100',-0.040
'0:01.104',-0.040
'0:01.108',-0.043
'0:01.112',-0.030
'0:01.116',-0.030
'0:01.120',-0.037
'0:01.124',-0.030
'0:01.128',-0.045
'0:01.132',-0.052
'0:01.136',-0.035
'0:01.140',-0.048
'0:01.144',-0.045
'0:01.148',-0.048
'0:01.152',-0.048
'0:01.156',-0.062
'0:01.160',-0.055
'0:01.164',-0.062
'0:01.168',-0.072
'0:01.172',-0.070
'0:01.176',-0.065
'0:01.180',-0.058
'0:01.184',-0.058
'0:01.188',-0.060
'0:01.192',-0.052
'0:01.196',-0.060
'0:01.200',-0.065
'0:01.204',-0.065
'0:01.208',-0.050
'0:01.212',-0.058
'0:01.216',-0.048
'0:01.220',-0.040
'0:01.224',-0.045
'0:01.228',-0.055
'0:01.232',-0.065
'0:01.236',-0.068
'0:01.240',-0.045
'0:01.244',-0.052
'0:01.248',-0.050
'0:01.252',-0.050
'0:01.256',-0.055
'0:01.260',-0.052
'0:01.264',-0.058
'0:01.268',-0.060
'0:01.272',-0.058
'0:01.276',-0.043
'0:01.280',-0.033
'0:01.284',-0.043
'0:01.288',-0.040
'0:01.292',-0.048
'0:01.296',-0.055
'0:01.300',-0.072
'0:01.304',-0.072
'0:01.308',-0.055
'0:01.312',-0.068
'0:01.316',-0.050
'0:01.320',-0.055
'0:01.324',-0.062
'0:01.328',-0.050
'0:01.332',-0.055
'0:01.336',-0.048
'0:01.340',-0.040
'0:01.344',-0.045
'0:01.348',-0.025
'0:01.352',-0.033
'0:01.356',-0.028
'0:01.360',-0.030
'0:01.364',-0.045
'0:01.368',-0.055
'0:01.372',-0.055
'0:01.376',-0.055
'0:01.380',-0.048
'0:01.384',-0.033
'0:01.388',-0.045
'0:01.392',-0.048
'0:01.396',-0.052
'0:01.400',-0.065
'0:01.404',-0.058
'0:01.408',-0.068
'0:01.412',-0.058
'0:01.416',-0.062
'0:01.420',-0.048
'0:01.424',-0.050
'0:01.428',-0.065
'0:01.432',-0.068
'0:01.436',-0.048
'0:01.440',-0.045
'0:01.444',-0.025
'0:01.448',-0.025
'0:01.452',0.003
'0:01.456',0.010
'0:01.460',0.040
'0:01.464',0.107
'0:01.468',0.223
'0:01.472',0.372
'0:01.476',0.560
'0:01.480',0.797
'0:01.484',1.062
'0:01.488',1.360
'0:01.492',1.645
'0:01.496',1.867
'0:01.500',1.982
'0:01.504',1.920
'0:01.508',1.653
'0:01.512',1.215
'0:01.516',0.703
'0:01.520',0.233
'0:01.524',-0.095
'0:01.528',-0.228
'0:01.532',-0.215
'0:01.536',-0.138
'0:01.540',-0.037
'0:01.544',0.020
'0:01.548',0.028
'0:01.552',-0.003
'0:01.556',-0.043
'0:01.560',-0.080
'0:01.564',-0.095
'0:01.568',-0.102
'0:01.572',-0.092
'0:01.576',-0.087
'0:01.580',-0.080
'0:01.584',-0.070
'0:01.588',-0.090
'0:01.592',-0.100
'0:01.596',-0.115
'0:01.600',-0.113
'0:01.604',-0.122
'0:01.608',-0.117
'0:01.612',-0.107
'0:01.616',-0.107
'0:01.620',-0.100
'0:01.624',-0.117
'0:01.628',-0.113
'0:01.632',-0.117
'0:01.636',-0.113
'0:01.640',-0.107
'0:01.644',-0.102
'0:01.648',-0.100
'0:01.652',-0.098
'0:01.656',-0.117
'0:01.660',-0.105
'0:01.664',-0.117
'0:01.668',-0.130
'0:01.672',-0.117
'0:01.676',-0.113
'0:01.680',-0.105
'0:01.684',-0.098
'0:01.688',-0.102
'0:01.692',-0.107
'0:01.696',-0.117
'0:01.700',-0.110
'0:01.704',-0.115
'0:01.708',-0.115
'0:01.712',-0.098
'0:01.716',-0.098
'0:01.720',-0.092
'0:01.724',-0.092
'0:01.728',-0.090
'0:01.732',-0.098
'0:01.736',-0.090
'0:01.740',-0.083
'0:01.744',-0.065
'0:01.748',-0.043
'0:01.752',-0.033
'0:01.756',-0.035
'0:01.760',-0.028
'0:01.764',-0.018
'0:01.768',0.000
'0:01.772',0.015
'0:01.776',0.052
'0:01.780',0.075
'0:01.784',0.095
'0:01.788',0.105
'0:01.792',0.102
'0:01.796',0.098
'0:01.800',0.085
'0:01.804',0.080
'0:01.808',0.070
'0:01.812',0.060
'0:01.816',0.052
'0:01.820',0.043
'0:01.824',0.018
'0:01.828',0.000
'0:01.832',-0.013
'0:01.836',-0.015
'0:01.840',-0.018
'0:01.844',-0.025
'0:01.848',-0.028
'0:01.852',-0.030
'0:01.856',-0.030
'0:01.860',-0.045
'0:01.864',-0.037
'0:01.868',-0.048
'0:01.872',-0.043
'0:01.876',-0.050
'0:01.880',-0.045
'0:01.884',-0.040
'0:01.888',-0.058
'0:01.892',-0.043
'0:01.896',-0.068
'0:01.900',-0.050
'0:01.904',-0.060
'0:01.908',-0.040
'0:01.912',-0.048
'0:01.916',-0.045
'0:01.920',-0.050
'0:01.924',-0.050
'0:01.928',-0.065
'0:01.932',-0.068
'0:01.936',-0.077
'0:01.940',-0.068
'0:01.944',-0.060
'0:01.948',-0.058
'0:01.952',-0.055
'0:01.956',-0.062
'0:01.960',-0.072
'0:01.964',-0.070
'0:01.968',-0.068
'0:01.972',-0.065
'0:01.976',-0.065
'0:01.980',-0.060
'0:01.984',-0.050
'0:01.988',-0.062
'0:01.992',-0.068
'0:01.996',-0.080
'0:02.000',-0.075
'0:02.004',-0.072
'0:02.008',-0.072
'0:02.012',-0.065
'0:02.016',-0.070
'0:02.020',-0.060
'0:02.024',-0.072
'0:02.028',-0.070
'0:02.032',-0.077
'0:02.036',-0.077
'0:02.040',-0.075
'0:02.044',-0.055
'0:02.048',-0.058
'0:02.052',-0.055
'0:02.056',-0.062
'0:02.060',-0.075
'0:02.064',-0.080
'0:02.068',-0.090
'0:02.072',-0.100
'0:02.076',-0.090
'0:02.080',-0.077
'0:02.084',-0.062
'0:02.088',-0.072
'0:02.092',-0.075
'0:02.096',-0.080
'0:02.100',-0.092
'0:02.104',-0.090
'0:02.108',-0.065
'0:02.112',-0.072
'0:02.116',-0.060
'0:02.120',-0.065
'0:02.124',-0.080
'0:02.128',-0.085
'0:02.132',-0.090
'0:02.136',-0.080
'0:02.140',-0.080
'0:02.144',-0.075
'0:02.148',-0.062
'0:02.152',-0.070
'0:02.156',-0.058
'0:02.160',-0.068
'0:02.164',-0.085
'0:02.168',-0.075
'0:02.172',-0.072
'0:02.176',-0.065
'0:02.180',-0.062
'0:02.184',-0.065
'0:02.188',-0.058
'0:02.192',-0.070
'0:02.196',-0.080
'0:02.200',-0.087
'0:02.204',-0.085
'0:02.208',-0.068
'0:02.212',-0.040
'0:02.216',-0.033
'0:02.220',-0.030
'0:02.224',-0.043
'0:02.228',-0.060
'0:02.232',-0.052
'0:02.236',-0.048
'0:02.240',-0.048
'0:02.244',-0.040
'0:02.248',-0.037
'0:02.252',-0.048
'0:02.256',-0.058
'0:02.260',-0.055
'0:02.264',-0.050
'0:02.268',-0.045
'0:02.272',-0.048
'0:02.276',-0.040
'0:02.280',-0.043
'0:02.284',-0.048
'0:02.288',-0.055
'0:02.292',-0.070
'0:02.296',-0.070
'0:02.300',-0.070
'0:02.304',-0.068
'0:02.308',-0.050
'0:02.312',-0.045
'0:02.316',-0.035
'0:02.320',-0.030
'0:02.324',-0.025
'0:02.328',-0.033
'0:02.332',-0.028
'0:02.336',0.010
'0:02.340',0.050
'0:02.344',0.140
'0:02.348',0.260
'0:02.352',0.405
'0:02.356',0.575
'0:02.360',0.792
'0:02.364',1.052
'0:02.368',1.365
'0:02.372',1.670
'0:02.376',1.917
'0:02.380',2.075
'0:02.384',2.120
'0:02.388',1.998
'0:02.392',1.657
'0:02.396',1.170
'0:02.400',0.623
'0:02.404',0.125
'0:02.408',-0.158
'0:02.412',-0.225
'0:02.416',-0.145
'0:02.420',-0.030
'0:02.424',0.035
'0:02.428',0.020
'0:02.432',-0.030
'0:02.436',-0.080
'0:02.440',-0.115
'0:02.444',-0.117
'0:02.448',-0.102
'0:02.452',-0.085
'0:02.456',-0.095
'0:02.460',-0.122
'0:02.464',-0.128
'0:02.468',-0.133
'0:02.472',-0.125
'0:02.476',-0.130
'0:02.480',-0.110
'0:02.484',-0.115
'0:02.488',-0.130
'0:02.492',-0.135
'0:02.496',-0.140
'0:02.500',-0.147
'0:02.504',-0.155
'0:02.508',-0.147
'0:02.512',-0.145
'0:02.516',-0.140
'0:02.520',-0.142
'0:02.524',-0.142
'0:02.528',-0.155
'0:02.532',-0.165
'0:02.536',-0.168
'0:02.540',-0.165
'0:02.544',-0.160
'0:02.548',-0.152
'0:02.552',-0.158
'0:02.556',-0.155
'0:02.560',-0.163
'0:02.564',-0.163
'0:02.568',-0.172
'0:02.572',-0.165
'0:02.576',-0.152
'0:02.580',-0.158
'0:02.584',-0.150
'0:02.588',-0.158
'0:02.592',-0.152
'0:02.596',-0.170
'0:02.600',-0.172
'0:02.604',-0.170
'0:02.608',-0.140
'0:02.612',-0.122
'0:02.616',-0.117
'0:02.620',-0.107
'0:02.624',-0.110
'0:02.628',-0.113
'0:02.632',-0.105
'0:02.636',-0.095
'0:02.640',-0.065
'0:02.644',-0.040
'0:02.648',-0.003
'0:02.652',0.010
'0:02.656',0.033
'0:02.660',0.050
'0:02.664',0.055
'0:02.668',0.065
'0:02.672',0.065
'0:02.676',0.062
'0:02.680',0.058
'0:02.684',0.037
'0:02.688',0.035
'0:02.692',0.018
'0:02.696',-0.010
'0:02.700',-0.035
'0:02.704',-0.050
'0:02.708',-0.033
'0:02.712',-0.035
'0:02.716',-0.037
'0:02.720',-0.048
'0:02.724',-0.062
'0:02.728',-0.070
'0:02.732',-0.072
'0:02.736',-0.068
'0:02.740',-0.065
'0:02.744',-0.058
'0:02.748',-0.045
'0:02.752',-0.045
'0:02.756',-0.060
'0:02.760',-0.070
'0:02.764',-0.080
'0:02.768',-0.080
'0:02.772',-0.077
'0:02.776',-0.062
'0:02.780',-0.060
'0:02.784',-0.052
'0:02.788',-0.060
'0:02.792',-0.062
'0:02.796',-0.080
'0:02.800',-0.080
'0:02.804',-0.075
'0:02.808',-0.072
'0:02.812',-0.065
'0:02.816',-0.062
'0:02.820',-0.058
'0:02.824',-0.062
'0:02.828',-0.083
'0:02.832',-0.083
'0:02.836',-0.085
'0:02.840',-0.080
'0:02.844',-0.092
'0:02.848',-0.075
'0:02.852',-0.080
'0:02.856',-0.092
'0:02.860',-0.092
'0:02.864',-0.113
'0:02.868',-0.107
'0:02.872',-0.105
'0:02.876',-0.105
'0:02.880',-0.105
'0:02.884',-0.105
'0:02.888',-0.100
'0:02.892',-0.095
'0:02.896',-0.115
'0:02.900',-0.107
'0:02.904',-0.107
'0:02.908',-0.107
'0:02.912',-0.102
'0:02.916',-0.092
'0:02.920',-0.100
'0:02.924',-0.100
'0:02.928',-0.102
'0:02.932',-0.110
'0:02.936',-0.113
'0:02.940',-0.113
'0:02.944',-0.100
'0:02.948',-0.085
'0:02.952',-0.090
'0:02.956',-0.092
'0:02.960',-0.110
'0:02.964',-0.110
'0:02.968',-0.115
'0:02.972',-0.107
'0:02.976',-0.113
'0:02.980',-0.105
'0:02.984',-0.092
'0:02.988',-0.102
'0:02.992',-0.100
'0:02.996',-0.110
'0:03.000',-0.107
'0:03.004',-0.115
'0:03.008',-0.110
'0:03.012',-0.102
'0:03.016',-0.100
'0:03.020',-0.092
'0:03.024',-0.102
'0:03.028',-0.098
'0:03.032',-0.105
'0:03.036',-0.107
'0:03.040',-0.113
'0:03.044',-0.110
'0:03.048',-0.090
'0:03.052',-0.098
'0:03.056',-0.092
'0:03.060',-0.113
'0:03.064',-0.105
'0:03.068',-0.115
'0:03.072',-0.107
'0:03.076',-0.087
'0:03.080',-0.090
'0:03.084',-0.092
'0:03.088',-0.102
'0:03.092',-0.102
'0:03.096',-0.113
'0:03.100',-0.105
'0:03.104',-0.090
'0:03.108',-0.083
'0:03.112',-0.075
'0:03.116',-0.072
'0:03.120',-0.072
'0:03.124',-0.080
'0:03.128',-0.087
'0:03.132',-0.080
'0:03.136',-0.075
'0:03.140',-0.080
'0:03.144',-0.080
'0:03.148',-0.077
'0:03.152',-0.070
'0:03.156',-0.080
'0:03.160',-0.083
'0:03.164',-0.085
'0:03.168',-0.077
'0:03.172',-0.083
'0:03.176',-0.090
'0:03.180',-0.092
'0:03.184',-0.100
'0:03.188',-0.107
'0:03.192',-0.107
'0:03.196',-0.107
'0:03.200',-0.107
'0:03.204',-0.107
'0:03.208',-0.085
'0:03.212',-0.083
'0:03.216',-0.068
'0:03.220',-0.055
'0:03.224',-0.068
'0:03.228',-0.068
'0:03.232',-0.045
'0:03.236',0.000
'0:03.240',0.077
'0:03.244',0.198
'0:03.248',0.355
'0:03.252',0.552
'0:03.256',0.795
'0:03.260',1.085
'0:03.264',1.393
'0:03.268',1.690
'0:03.272',1.920
'0:03.276',2.047
'0:03.280',2.022
'0:03.284',1.810
'0:03.288',1.370
'0:03.292',0.833
'0:03.296',0.285
'0:03.300',-0.092
'0:03.304',-0.255
'0:03.308',-0.240
'0:03.312',-0.120
'0:03.316',-0.010
'0:03.320',0.015
'0:03.324',-0.003
'0:03.328',-0.083
'0:03.332',-0.120
'0:03.336',-0.150
'0:03.340',-0.150
'0:03.344',-0.142
'0:03.348',-0.138
'0:03.352',-0.145
'0:03.356',-0.145
'0:03.360',-0.160
'0:03.364',-0.168
'0:03.368',-0.182
'0:03.372',-0.175
'0:03.376',-0.160
'0:03.380',-0.168
'0:03.384',-0.158
'0:03.388',-0.163
'0:03.392',-0.168
'0:03.396',-0.170
'0:03.400',-0.170
'0:03.404',-0.188
'0:03.408',-0.180
'0:03.412',-0.170
'0:03.416',-0.160
'0:03.420',-0.165
'0:03.424',-0.177
'0:03.428',-0.185
'0:03.432',-0.195
'0:03.436',-0.193
'0:03.440',-0.190
'0:03.444',-0.175
'0:03.448',-0.177
'0:03.452',-0.160
'0:03.456',-0.172
'0:03.460',-0.180
'0:03.464',-0.205
'0:03.468',-0.188
'0:03.472',-0.185
'0:03.476',-0.177
'0:03.480',-0.177
'0:03.484',-0.158
'0:03.488',-0.155
'0:03.492',-0.147
'0:03.496',-0.160
'0:03.500',-0.163
'0:03.504',-0.158
'0:03.508',-0.140
'0:03.512',-0.113
'0:03.516',-0.105
'0:03.520',-0.090
'0:03.524',-0.070
'0:03.528',-0.048
'0:03.532',-0.037
'0:03.536',-0.018
'0:03.540',0.010
'0:03.544',0.037
'0:03.548',0.060
'0:03.552',0.062
'0:03.556',0.072
'0:03.560',0.045
'0:03.564',0.033
'0:03.568',0.007
'0:03.572',0.003
'0:03.576',-0.010
'0:03.580',-0.007
'0:03.584',-0.018
'0:03.588',-0.030
'0:03.592',-0.045
'0:03.596',-0.070
'0:03.600',-0.070
'0:03.604',-0.080
'0:03.608',-0.065
'0:03.612',-0.077
'0:03.616',-0.072
'0:03.620',-0.077
'0:03.624',-0.077
'0:03.628',-0.087
'0:03.632',-0.090
'0:03.636',-0.092
'0:03.640',-0.087
'0:03.644',-0.080
'0:03.648',-0.070
'0:03.652',-0.077
'0:03.656',-0.077
'0:03.660',-0.087
'0:03.664',-0.105
'0:03.668',-0.100
'0:03.672',-0.100
'0:03.676',-0.105
'0:03.680',-0.085
'0:03.684',-0.087
'0:03.688',-0.085
'0:03.692',-0.087
'0:03.696',-0.102
'0:03.700',-0.113
'0:03.704',-0.107
'0:03.708',-0.102
'0:03.712',-0.102
'0:03.716',-0.098
'0:03.720',-0.100
'0:03.724',-0.110
'0:03.728',-0.110
'0:03.732',-0.113
'0:03.736',-0.125
'0:03.740',-0.110
'0:03.744',-0.113
'0:03.748',-0.115
'0:03.752',-0.110
'0:03.756',-0.120
'0:03.760',-0.125
'0:03.764',-0.140
'0:03.768',-0.138
'0:03.772',-0.130
'0:03.776',-0.125
'0:03.780',-0.117
'0:03.784',-0.120
'0:03.788',-0.122
'0:03.792',-0.130
'0:03.796',-0.140
'0:03.800',-0.142
'0:03.804',-0.142
'0:03.808',-0.140
'0:03.812',-0.117
'0:03.816',-0.122
'0:03.820',-0.120
'0:03.824',-0.130
'0:03.828',-0.138
'0:03.832',-0.140
'0:03.836',-0.150
'0:03.840',-0.140
'0:03.844',-0.130
'0:03.848',-0.122
'0:03.852',-0.130
'0:03.856',-0.120
'0:03.860',-0.138
'0:03.864',-0.147
'0:03.868',-0.145
'0:03.872',-0.135
'0:03.876',-0.130
'0:03.880',-0.122
'0:03.884',-0.120
'0:03.888',-0.128
'0:03.892',-0.125
'0:03.896',-0.135
'0:03.900',-0.135
'0:03.904',-0.142
'0:03.908',-0.135
'0:03.912',-0.128
'0:03.916',-0.120
'0:03.920',-0.138
'0:03.924',-0.135
'0:03.928',-0.140
'0:03.932',-0.150
'0:03.936',-0.140
'0:03.940',-0.138
'0:03.944',-0.130
'0:03.948',-0.117
'0:03.952',-0.128
'0:03.956',-0.135
'0:03.960',-0.142
'0:03.964',-0.142
'0:03.968',-0.130
'0:03.972',-0.125
'0:03.976',-0.107
'0:03.980',-0.107
'0:03.984',-0.100
'0:03.988',-0.102
'0:03.992',-0.107
'0:03.996',-0.120
'0:04.000',-0.128
'0:04.004',-0.128
'0:04.008',-0.125
'0:04.012',-0.125
'0:04.016',-0.110
'0:04.020',-0.110
'0:04.024',-0.107
'0:04.028',-0.120
'0:04.032',-0.140
'0:04.036',-0.140
'0:04.040',-0.145
'0:04.044',-0.133
'0:04.048',-0.140
'0:04.052',-0.125
'0:04.056',-0.125
'0:04.060',-0.135
'0:04.064',-0.130
'0:04.068',-0.135
'0:04.072',-0.120
'0:04.076',-0.113
'0:04.080',-0.092
'0:04.084',-0.068
'0:04.088',-0.045
'0:04.092',0.003
'0:04.096',0.085
'0:04.100',0.228
'0:04.104',0.415
'0:04.108',0.640
'0:04.112',0.912
'0:04.116',1.238
'0:04.120',1.540
'0:04.124',1.785
'0:04.128',1.965
'0:04.132',2.025
'0:04.136',1.890
'0:04.140',1.535
'0:04.144',1.010
'0:04.148',0.460
'0:04.152',-0.005
'0:04.156',-0.268
'0:04.160',-0.310
'0:04.164',-0.220
'0:04.168',-0.115
'0:04.172',-0.048
'0:04.176',-0.055
'0:04.180',-0.085
'0:04.184',-0.142
'0:04.188',-0.170
'0:04.192',-0.190
'0:04.196',-0.193
'0:04.200',-0.193
'0:04.204',-0.190
'0:04.208',-0.198
'0:04.212',-0.185
'0:04.216',-0.193
'0:04.220',-0.200
'0:04.224',-0.200
'0:04.228',-0.217
'0:04.232',-0.215
'0:04.236',-0.223
'0:04.240',-0.210
'0:04.244',-0.215
'0:04.248',-0.198
'0:04.252',-0.200
'0:04.256',-0.215
'0:04.260',-0.223
'0:04.264',-0.215
'0:04.268',-0.223
'0:04.272',-0.230
'0:04.276',-0.212
'0:04.280',-0.210
'0:04.284',-0.210
'0:04.288',-0.223
'0:04.292',-0.223
'0:04.296',-0.228
'0:04.300',-0.233
'0:04.304',-0.217
'0:04.308',-0.207
'0:04.312',-0.210
'0:04.316',-0.215
'0:04.320',-0.217
'0:04.324',-0.220
'0:04.328',-0.223
'0:04.332',-0.223
'0:04.336',-0.217
'0:04.340',-0.210
'0:04.344',-0.207
'0:04.348',-0.182
'0:04.352',-0.172
'0:04.356',-0.175
'0:04.360',-0.172
'0:04.364',-0.158
'0:04.368',-0.165
'0:04.372',-0.142
'0:04.376',-0.122
'0:04.380',-0.090
'0:04.384',-0.072
'0:04.388',-0.055
'0:04.392',-0.030
'0:04.396',-0.028
'0:04.400',-0.007
'0:04.404',0.005
'0:04.408',0.022
'0:04.412',0.025
'0:04.416',0.022
'0:04.420',0.013
'0:04.424',0.000
'0:04.428',-0.028
'0:04.432',-0.065
'0:04.436',-0.072
'0:04.440',-0.075
'0:04.444',-0.075
'0:04.448',-0.077
'0:04.452',-0.090
'0:04.456',-0.100
'0:04.460',-0.107
'0:04.464',-0.115
'0:04.468',-0.130
'0:04.472',-0.133
'0:04.476',-0.133
'0:04.480',-0.107
'0:04.484',-0.110
'0:04.488',-0.120
'0:04.492',-0.128
'0:04.496',-0.133
'0:04.500',-0.135
'0:04.504',-0.142
'0:04.508',-0.138
'0:04.512',-0.128
'0:04.516',-0.128
'0:04.520',-0.122
'0:04.524',-0.128
'0:04.528',-0.138
'0:04.532',-0.142
'0:04.536',-0.138
'0:04.540',-0.135
'0:04.544',-0.130
'0:04.548',-0.135
'0:04.552',-0.133
'0:04.556',-0.135
'0:04.560',-0.147
'0:04.564',-0.145
'0:04.568',-0.158
'0:04.572',-0.147
'0:04.576',-0.145
'0:04.580',-0.152
'0:04.584',-0.145
'0:04.588',-0.145
'0:04.592',-0.158
'0:04.596',-0.170
'0:04.600',-0.160
'0:04.604',-0.160
'0:04.608',-0.160
'0:04.612',-0.158
'0:04.616',-0.163
'0:04.620',-0.152
'0:04.624',-0.160
'0:04.628',-0.165
'0:04.632',-0.177
'0:04.636',-0.175
'0:04.640',-0.165
'0:04.644',-0.160
'0:04.648',-0.165
'0:04.652',-0.160
'0:04.656',-0.170
'0:04.660',-0.172
'0:04.664',-0.172
'0:04.668',-0.182
'0:04.672',-0.177
'0:04.676',-0.165
'0:04.680',-0.158
'0:04.684',-0.165
'0:04.688',-0.163
'0:04.692',-0.165
'0:04.696',-0.182
'0:04.700',-0.182
'0:04.704',-0.182
'0:04.708',-0.160
'0:04.712',-0.158
'0:04.716',-0.152
'0:04.720',-0.160
'0:04.724',-0.168
'0:04.728',-0.175
'0:04.732',-0.175
'0:04.736',-0.172
'0:04.740',-0.172
'0:04.744',-0.165
'0:04.748',-0.155
'0:04.752',-0.150
'0:04.756',-0.165
'0:04.760',-0.168
'0:04.764',-0.182
'0:04.768',-0.168
'0:04.772',-0.170
'0:04.776',-0.165
'0:04.780',-0.168
'0:04.784',-0.155
'0:04.788',-0.160
'0:04.792',-0.158
'0:04.796',-0.147
'0:04.800',-0.155
'0:04.804',-0.147
'0:04.808',-0.142
'0:04.812',-0.125
'0:04.816',-0.100
'0:04.820',-0.100
'0:04.824',-0.115
'0:04.828',-0.150
'0:04.832',-0.150
'0:04.836',-0.165
'0:04.840',-0.163
'0:04.844',-0.147
'0:04.848',-0.140
'0:04.852',-0.140
'0:04.856',-0.155
'0:04.860',-0.170
'0:04.864',-0.188
'0:04.868',-0.190
'0:04.872',-0.188
'0:04.876',-0.182
'0:04.880',-0.165
'0:04.884',-0.147
'0:04.888',-0.145
'0:04.892',-0.152
'0:04.896',-0.147
'0:04.900',-0.152
'0:04.904',-0.155
'0:04.908',-0.138
'0:04.912',-0.105
'0:04.916',-0.070
'0:04.920',0.000
'0:04.924',0.110
'0:04.928',0.242
'0:04.932',0.417
'0:04.936',0.623
'0:04.940',0.892
'0:04.944',1.183
'0:04.948',1.462
'0:04.952',1.698
'0:04.956',1.865
'0:04.960',1.867
'0:04.964',1.660
'0:04.968',1.262
'0:04.972',0.748
'0:04.976',0.242
'0:04.980',-0.142
'0:04.984',-0.345
'0:04.988',-0.347
'0:04.992',-0.260
'0:04.996',-0.158
'0:05.000',-0.110
'0:05.004',-0.113
'0:05.008',-0.140
'0:05.012',-0.185
'0:05.016',-0.215
'0:05.020',-0.223
'0:05.024',-0.233
'0:05.028',-0.230
'0:05.032',-0.233
'0:05.036',-0.235
'0:05.040',-0.228
'0:05.044',-0.228
'0:05.048',-0.217
'0:05.052',-0.212
'0:05.056',-0.228
'0:05.060',-0.235
'0:05.064',-0.258
'0:05.068',-0.260
'0:05.072',-0.258
'0:05.076',-0.242
'0:05.080',-0.235
'0:05.084',-0.237
'0:05.088',-0.233
'0:05.092',-0.245
'0:05.096',-0.255
'0:05.100',-0.242
'0:05.104',-0.247
'0:05.108',-0.247
'0:05.112',-0.245
'0:05.116',-0.235
'0:05.120',-0.242
'0:05.124',-0.247
'0:05.128',-0.250
'0:05.132',-0.263
'0:05.136',-0.265
'0:05.140',-0.263
'0:05.144',-0.250
'0:05.148',-0.240
'0:05.152',-0.237
'0:05.156',-0.228
'0:05.160',-0.237
'0:05.164',-0.245
'0:05.168',-0.247
'0:05.172',-0.233
'0:05.176',-0.223
'0:05.180',-0.210
'0:05.184',-0.188
'0:05.188',-0.200
'0:05.192',-0.188
'0:05.196',-0.198
'0:05.200',-0.198
'0:05.204',-0.195
'0:05.208',-0.170
'0:05.212',-0.155
'0:05.216',-0.130
'0:05.220',-0.120
'0:05.224',-0.107
'0:05.228',-0.107
'0:05.232',-0.090
'0:05.236',-0.077
'0:05.240',-0.052
'0:05.244',-0.037
'0:05.248',-0.018
'0:05.252',-0.018
'0:05.256',-0.020
'0:05.260',-0.028
'0:05.264',-0.058
'0:05.268',-0.058
'0:05.272',-0.077
'0:05.276',-0.080
'0:05.280',-0.092
'0:05.284',-0.092
'0:05.288',-0.102
'0:05.292',-0.125
'0:05.296',-0.130
'0:05.300',-0.138
'0:05.304',-0.150
'0:05.308',-0.142
'0:05.312',-0.138
'0:05.316',-0.138
'0:05.320',-0.140
'0:05.324',-0.158
'0:05.328',-0.158
'0:05.332',-0.172
'0:05.336',-0.168
'0:05.340',-0.160
'0:05.344',-0.163
'0:05.348',-0.160
'0:05.352',-0.160
'0:05.356',-0.163
'0:05.360',-0.175
'0:05.364',-0.188
'0:05.368',-0.182
'0:05.372',-0.182
'0:05.376',-0.165
'0:05.380',-0.165
'0:05.384',-0.172
'0:05.388',-0.168
'0:05.392',-0.175
'0:05.396',-0.188
'0:05.400',-0.193
'0:05.404',-0.182
'0:05.408',-0.185
'0:05.412',-0.180
'0:05.416',-0.160
'0:05.420',-0.168
'0:05.424',-0.177
'0:05.428',-0.177
'0:05.432',-0.195
'0:05.436',-0.198
'0:05.440',-0.190
'0:05.444',-0.188
'0:05.448',-0.180
'0:05.452',-0.185
'0:05.456',-0.172
'0:05.460',-0.185
'0:05.464',-0.188
'0:05.468',-0.190
'0:05.472',-0.188
'0:05.476',-0.182
'0:05.480',-0.177
'0:05.484',-0.185
'0:05.488',-0.185
'0:05.492',-0.188
'0:05.496',-0.193
'0:05.500',-0.193
'0:05.504',-0.190
'0:05.508',-0.177
'0:05.512',-0.175
'0:05.516',-0.177
'0:05.520',-0.177
'0:05.524',-0.172
'0:05.528',-0.190
'0:05.532',-0.207
'0:05.536',-0.188
'0:05.540',-0.188
'0:05.544',-0.185
'0:05.548',-0.177
'0:05.552',-0.177
'0:05.556',-0.180
'0:05.560',-0.185
'0:05.564',-0.200
'0:05.568',-0.190
'0:05.572',-0.175
'0:05.576',-0.175
'0:05.580',-0.168
'0:05.584',-0.180
'0:05.588',-0.180
'0:05.592',-0.190
'0:05.596',-0.190
'0:05.600',-0.190
'0:05.604',-0.180
'0:05.608',-0.180
'0:05.612',-0.165
'0:05.616',-0.163
'0:05.620',-0.170
'0:05.624',-0.168
'0:05.628',-0.182
'0:05.632',-0.168
'0:05.636',-0.160
'0:05.640',-0.145
'0:05.644',-0.128
'0:05.648',-0.125
'0:05.652',-0.138
'0:05.656',-0.142
'0:05.660',-0.145
'0:05.664',-0.130
'0:05.668',-0.113
'0:05.672',-0.102
'0:05.676',-0.085
'0:05.680',-0.102
'0:05.684',-0.138
'0:05.688',-0.152
'0:05.692',-0.175
'0:05.696',-0.177
'0:05.700',-0.177
'0:05.704',-0.175
'0:05.708',-0.158
'0:05.712',-0.158
'0:05.716',-0.172
'0:05.720',-0.193
'0:05.724',-0.217
'0:05.728',-0.223
'0:05.732',-0.235
'0:05.736',-0.228
'0:05.740',-0.205
'0:05.744',-0.190
'0:05.748',-0.188
'0:05.752',-0.188
'0:05.756',-0.190
'0:05.760',-0.200
'0:05.764',-0.210
'0:05.768',-0.200
'0:05.772',-0.190
'0:05.776',-0.165
'0:05.780',-0.135
'0:05.784',-0.102
'0:05.788',-0.015
'0:05.792',0.102
'0:05.796',0.263
'0:05.800',0.435
'0:05.804',0.672
'0:05.808',0.955
'0:05.812',1.255
'0:05.816',1.542
'0:05.820',1.780
'0:05.824',1.863
'0:05.828',1.732
'0:05.832',1.365
'0:05.836',0.828
'0:05.840',0.275
'0:05.844',-0.168
'0:05.848',-0.383
'0:05.852',-0.398
'0:05.856',-0.302
'0:05.860',-0.190
'0:05.864',-0.133
'0:05.868',-0.128
'0:05.872',-0.165
'0:05.876',-0.217
'0:05.880',-0.228
'0:05.884',-0.233
'0:05.888',-0.223
'0:05.892',-0.235
'0:05.896',-0.235
'0:05.900',-0.240
'0:05.904',-0.240
'0:05.908',-0.245
'0:05.912',-0.233
'0:05.916',-0.245
'0:05.920',-0.253
'0:05.924',-0.265
'0:05.928',-0.258
'0:05.932',-0.268
'0:05.936',-0.270
'0:05.940',-0.275
'0:05.944',-0.258
'0:05.948',-0.263
'0:05.952',-0.250
'0:05.956',-0.263
'0:05.960',-0.265
'0:05.964',-0.270
'0:05.968',-0.260
'0:05.972',-0.260
'0:05.976',-0.258
'0:05.980',-0.242
'0:05.984',-0.245
'0:05.988',-0.242
'0:05.992',-0.250
'0:05.996',-0.260
'0:06.000',-0.255
'0:06.004',-0.263
'0:06.008',-0.260
'0:06.012',-0.230
'0:06.016',-0.230
'0:06.020',-0.237
'0:06.024',-0.230
'0:06.028',-0.240
'0:06.032',-0.240
'0:06.036',-0.233
'0:06.040',-0.223
'0:06.044',-0.203
'0:06.048',-0.195
'0:06.052',-0.180
'0:06.056',-0.180
'0:06.060',-0.185
'0:06.064',-0.172
'0:06.068',-0.163
'0:06.072',-0.133
'0:06.076',-0.120
'0:06.080',-0.090
'0:06.084',-0.070
'0:06.088',-0.050
'0:06.092',-0.040
'0:06.096',-0.033
'0:06.100',-0.028
'0:06.104',-0.030
'0:06.108',-0.037
'0:06.112',-0.040
'0:06.116',-0.050
'0:06.120',-0.072
'0:06.124',-0.092
'0:06.128',-0.105
'0:06.132',-0.117
'0:06.136',-0.133
'0:06.140',-0.138
'0:06.144',-0.128
'0:06.148',-0.120
'0:06.152',-0.125
'0:06.156',-0.142
'0:06.160',-0.150
'0:06.164',-0.158
'0:06.168',-0.160
'0:06.172',-0.165
'0:06.176',-0.152
'0:06.180',-0.152
'0:06.184',-0.147
'0:06.188',-0.163
'0:06.192',-0.152
'0:06.196',-0.175
'0:06.200',-0.172
'0:06.204',-0.172
'0:06.208',-0.155
'0:06.212',-0.165
'0:06.216',-0.152
'0:06.220',-0.160
'0:06.224',-0.160
'0:06.228',-0.165
'0:06.232',-0.188
'0:06.236',-0.180
'0:06.240',-0.165
'0:06.244',-0.165
'0:06.248',-0.152
'0:06.252',-0.158
'0:06.256',-0.168
'0:06.260',-0.172
'0:06.264',-0.180
'0:06.268',-0.180
'0:06.272',-0.172
'0:06.276',-0.170
'0:06.280',-0.163
'0:06.284',-0.160
'0:06.288',-0.163
'0:06.292',-0.170
'0:06.296',-0.175
'0:06.300',-0.182
'0:06.304',-0.177
'0:06.308',-0.170
'0:06.312',-0.160
'0:06.316',-0.160
'0:06.320',-0.163
'0:06.324',-0.175
'0:06.328',-0.177
'0:06.332',-0.195
'0:06.336',-0.177
'0:06.340',-0.185
'0:06.344',-0.168
'0:06.348',-0.165
'0:06.352',-0.160
'0:06.356',-0.172
'0:06.360',-0.185
'0:06.364',-0.193
'0:06.368',-0.193
'0:06.372',-0.195
'0:06.376',-0.182
'0:06.380',-0.188
'0:06.384',-0.177
'0:06.388',-0.182
'0:06.392',-0.168
'0:06.396',-0.193
'0:06.400',-0.180
'0:06.404',-0.190
'0:06.408',-0.175
'0:06.412',-0.160
'0:06.416',-0.160
'0:06.420',-0.152
'0:06.424',-0.168
'0:06.428',-0.168
'0:06.432',-0.170
'0:06.436',-0.170
'0:06.440',-0.170
'0:06.444',-0.142
'0:06.448',-0.130
'0:06.452',-0.115
'0:06.456',-0.113
'0:06.460',-0.110
'0:06.464',-0.128
'0:06.468',-0.135
'0:06.472',-0.135
'0:06.476',-0.105
'0:06.480',-0.090
'0:06.484',-0.062
'0:06.488',-0.065
'0:06.492',-0.072
'0:06.496',-0.098
'0:06.500',-0.125
'0:06.504',-0.145
'0:06.508',-0.145
'0:06.512',-0.140
'0:06.516',-0.128
'0:06.520',-0.133
'0:06.524',-0.138
'0:06.528',-0.140
'0:06.532',-0.180
'0:06.536',-0.190
'0:06.540',-0.205
'0:06.544',-0.200
'0:06.548',-0.188
'0:06.552',-0.180
'0:06.556',-0.182
'0:06.560',-0.188
'0:06.564',-0.200
'0:06.568',-0.190
'0:06.572',-0.195
'0:06.576',-0.177
'0:06.580',-0.165
'0:06.584',-0.158
'0:06.588',-0.150
'0:06.592',-0.135
'0:06.596',-0.115
'0:06.600',-0.062
'0:06.604',0.048
'0:06.608',0.198
'0:06.612',0.398
'0:06.616',0.640
'0:06.620',0.935
'0:06.624',1.258
'0:06.628',1.567
'0:06.632',1.808
'0:06.636',1.952
'0:06.640',1.910
'0:06.644',1.633
'0:06.648',1.157
'0:06.652',0.583
'0:06.656',0.048
'0:06.660',-0.300
'0:06.664',-0.412
'0:06.668',-0.343
'0:06.672',-0.215
'0:06.676',-0.115
'0:06.680',-0.092
'0:06.684',-0.125
'0:06.688',-0.182
'0:06.692',-0.228
'0:06.696',-0.260
'0:06.700',-0.245
'0:06.704',-0.250
'0:06.708',-0.233
'0:06.712',-0.230
'0:06.716',-0.228
'0:06.720',-0.237
'0:06.724',-0.240
'0:06.728',-0.253
'0:06.732',-0.260
'0:06.736',-0.265
'0:06.740',-0.250
'0:06.744',-0.242
'0:06.748',-0.242
'0:06.752',-0.237
'0:06.756',-0.240
'0:06.760',-0.260
'0:06.764',-0.273
'0:06.768',-0.265
'0:06.772',-0.258
'0:06.776',-0.263
'0:06.780',-0.237
'0:06.784',-0.245
'0:06.788',-0.247
'0:06.792',-0.255
'0:06.796',-0.255
'0:06.800',-0.258
'0:06.804',-0.253
'0:06.808',-0.250
'0:06.812',-0.247
'0:06.816',-0.242
'0:06.820',-0.242
'0:06.824',-0.240
'0:06.828',-0.247
'0:06.832',-0.247
'0:06.836',-0.247
'0:06.840',-0.233
'0:06.844',-0.215
'0:06.848',-0.203
'0:06.852',-0.195
'0:06.856',-0.193
'0:06.860',-0.200
'0:06.864',-0.185
'0:06.868',-0.177
'0:06.872',-0.160
'0:06.876',-0.133
'0:06.880',-0.113
'0:06.884',-0.077
'0:06.888',-0.062
'0:06.892',-0.048
'0:06.896',-0.037
'0:06.900',-0.025
'0:06.904',-0.020
'0:06.908',-0.020
'0:06.912',-0.020
'0:06.916',-0.020
'0:06.920',-0.043
'0:06.924',-0.062
'0:06.928',-0.070
'0:06.932',-0.098
'0:06.936',-0.102
'0:06.940',-0.113
'0:06.944',-0.117
'0:06.948',-0.120
'0:06.952',-0.117
'0:06.956',-0.147
'0:06.960',-0.158
'0:06.964',-0.165
'0:06.968',-0.172
'0:06.972',-0.158
'0:06.976',-0.155
'0:06.980',-0.160
'0:06.984',-0.147
'0:06.988',-0.142
'0:06.992',-0.160
'0:06.996',-0.152
'0:07.000',-0.175
'0:07.004',-0.172
'0:07.008',-0.163
'0:07.012',-0.155
'0:07.016',-0.158
'0:07.020',-0.145
'0:07.024',-0.163
'0:07.028',-0.165
'0:07.032',-0.163
'0:07.036',-0.165
'0:07.040',-0.165
'0:07.044',-0.165
'0:07.048',-0.160
'0:07.052',-0.158
'0:07.056',-0.155
'0:07.060',-0.180
'0:07.064',-0.190
'0:07.068',-0.188
'0:07.072',-0.185
'0:07.076',-0.182
'0:07.080',-0.168
'0:07.084',-0.168
'0:07.088',-0.168
'0:07.092',-0.182
'0:07.096',-0.182
'0:07.100',-0.200
'0:07.104',-0.190
'0:07.108',-0.190
'0:07.112',-0.190
'0:07.116',-0.180
'0:07.120',-0.180
'0:07.124',-0.188
'0:07.128',-0.200
'0:07.132',-0.203
'0:07.136',-0.203
'0:07.140',-0.190
'0:07.144',-0.177
'0:07.148',-0.170
'0:07.152',-0.170
'0:07.156',-0.172
'0:07.160',-0.190
'0:07.164',-0.207
'0:07.168',-0.195
'0:07.172',-0.195
'0:07.176',-0.195
'0:07.180',-0.188
'0:07.184',-0.172
'0:07.188',-0.188
'0:07.192',-0.188
'0:07.196',-0.200
'0:07.200',-0.200
'0:07.204',-0.195
'0:07.208',-0.188
'0:07.212',-0.180
'0:07.216',-0.172
'0:07.220',-0.168
'0:07.224',-0.180
'0:07.228',-0.180
'0:07.232',-0.193
'0:07.236',-0.188
'0:07.240',-0.175
'0:07.244',-0.182
'0:07.248',-0.180
'0:07.252',-0.170
'0:07.256',-0.177
'0:07.260',-0.182
'0:07.264',-0.188
'0:07.268',-0.175
'0:07.272',-0.180
'0:07.276',-0.155
'0:07.280',-0.145
'0:07.284',-0.122
'0:07.288',-0.128
'0:07.292',-0.130
'0:07.296',-0.138
'0:07.300',-0.147
'0:07.304',-0.152
'0:07.308',-0.125
'0:07.312',-0.107
'0:07.316',-0.080
'0:07.320',-0.065
'0:07.324',-0.085
'0:07.328',-0.098
'0:07.332',-0.115
'0:07.336',-0.133
'0:07.340',-0.128
'0:07.344',-0.115
'0:07.348',-0.068
'0:07.352',0.000
'0:07.356',0.102
'0:07.360',0.182
'0:07.364',0.280
'0:07.368',0.335
'0:07.372',0.410
'0:07.376',0.485
'0:07.380',0.555
'0:07.384',0.573
'0:07.388',0.453
'0:07.392',0.152
'0:07.396',-0.212
'0:07.400',-0.547
'0:07.404',-0.733
'0:07.408',-0.805
'0:07.412',-0.825
'0:07.416',-0.818
'0:07.420',-0.760
'0:07.424',-0.705
'0:07.428',-0.623
'0:07.432',-0.573
'0:07.436',-0.520
'0:07.440',-0.475
'0:07.444',-0.422
'0:07.448',-0.357
'0:07.452',-0.292
'0:07.456',-0.223
'0:07.460',-0.195
'0:07.464',-0.185
'0:07.468',-0.200
'0:07.472',-0.198
'0:07.476',-0.185
'0:07.480',-0.177
'0:07.484',-0.160
'0:07.488',-0.158
'0:07.492',-0.155
'0:07.496',-0.155
'0:07.500',-0.165
'0:07.504',-0.158
'0:07.508',-0.147
'0:07.512',-0.135
'0:07.516',-0.138
'0:07.520',-0.120
'0:07.524',-0.130
'0:07.528',-0.130
'0:07.532',-0.122
'0:07.536',-0.122
'0:07.540',-0.105
'0:07.544',-0.098
'0:07.548',-0.087
'0:07.552',-0.077
'0:07.556',-0.080
'0:07.560',-0.080
'0:07.564',-0.083
'0:07.568',-0.065
'0:07.572',-0.050
'0:07.576',-0.028
'0:07.580',-0.010
'0:07.584',0.003
'0:07.588',0.022
'0:07.592',0.033
'0:07.596',0.050
'0:07.600',0.075
'0:07.604',0.105
'0:07.608',0.145
'0:07.612',0.182
'0:07.616',0.215
'0:07.620',0.273
'0:07.624',0.302
'0:07.628',0.345
'0:07.632',0.390
'0:07.636',0.443
'0:07.640',0.497
'0:07.644',0.570
'0:07.648',0.620
'0:07.652',0.665
'0:07.656',0.695
'0:07.660',0.698
'0:07.664',0.693
'0:07.668',0.662
'0:07.672',0.623
'0:07.676',0.550
'0:07.680',0.482
'0:07.684',0.420
'0:07.688',0.333
'0:07.692',0.258
'0:07.696',0.175
'0:07.700',0.113
'0:07.704',0.058
'0:07.708',0.015
'0:07.712',-0.010
'0:07.716',-0.040
'0:07.720',-0.077
'0:07.724',-0.098
'0:07.728',-0.107
'0:07.732',-0.135
'0:07.736',-0.147
'0:07.740',-0.155
'0:07.744',-0.163
'0:07.748',-0.158
'0:07.752',-0.158
'0:07.756',-0.165
'0:07.760',-0.180
'0:07.764',-0.175
'0:07.768',-0.193
'0:07.772',-0.188
'0:07.776',-0.180
'0:07.780',-0.163
'0:07.784',-0.170
'0:07.788',-0.168
'0:07.792',-0.177
'0:07.796',-0.165
'0:07.800',-0.188
'0:07.804',-0.188
'0:07.808',-0.165
'0:07.812',-0.158
'0:07.816',-0.150
'0:07.820',-0.155
'0:07.824',-0.155
'0:07.828',-0.163
'0:07.832',-0.175
'0:07.836',-0.170
'0:07.840',-0.165
'0:07.844',-0.168
'0:07.848',-0.152
'0:07.852',-0.152
'0:07.856',-0.168
'0:07.860',-0.180
'0:07.864',-0.175
'0:07.868',-0.185
'0:07.872',-0.177
'0:07.876',-0.168
'0:07.880',-0.163
'0:07.884',-0.155
'0:07.888',-0.170
'0:07.892',-0.180
'0:07.896',-0.180
'0:07.900',-0.188
'0:07.904',-0.180
'0:07.908',-0.175
'0:07.912',-0.168
'0:07.916',-0.168
'0:07.920',-0.170
'0:07.924',-0.163
'0:07.928',-0.180
'0:07.932',-0.177
'0:07.936',-0.185
'0:07.940',-0.182
'0:07.944',-0.175
'0:07.948',-0.172
'0:07.952',-0.170
'0:07.956',-0.175
'0:07.960',-0.180
'0:07.964',-0.188
'0:07.968',-0.195
'0:07.972',-0.193
'0:07.976',-0.198
'0:07.980',-0.188
'0:07.984',-0.180
'0:07.988',-0.193
'0:07.992',-0.190
'0:07.996',-0.210
'0:08.000',-0.207
'0:08.004',-0.212
'0:08.008',-0.195
'0:08.012',-0.195
'0:08.016',-0.175
'0:08.020',-0.180
'0:08.024',-0.193
'0:08.028',-0.203
'0:08.032',-0.203
'0:08.036',-0.212
'0:08.040',-0.207
'0:08.044',-0.195
'0:08.048',-0.185
'0:08.052',-0.180
'0:08.056',-0.180
'0:08.060',-0.195
'0:08.064',-0.198
'0:08.068',-0.200
'0:08.072',-0.200
'0:08.076',-0.182
'0:08.080',-0.180
'0:08.084',-0.175
'0:08.088',-0.180
'0:08.092',-0.195
'0:08.096',-0.203
'0:08.100',-0.200
'0:08.104',-0.210
'0:08.108',-0.200
'0:08.112',-0.198
'0:08.116',-0.185
'0:08.120',-0.193
'0:08.124',-0.190
'0:08.128',-0.205
'0:08.132',-0.207
'0:08.136',-0.210
'0:08.140',-0.198
'0:08.144',-0.190
'0:08.148',-0.180
'0:08.152',-0.170
'0:08.156',-0.180
'0:08.160',-0.198
'0:08.164',-0.195
'0:08.168',-0.205
'0:08.172',-0.200
'0:08.176',-0.188
'0:08.180',-0.177
'0:08.184',-0.180
'0:08.188',-0.165
'0:08.192',-0.160
'0:08.196',-0.170
'0:08.200',-0.175
'0:08.204',-0.177
'0:08.208',-0.175
'0:08.212',-0.150
'0:08.216',-0.133
'0:08.220',-0.142
'0:08.224',-0.163
'0:08.228',-0.175
'0:08.232',-0.190
'0:08.236',-0.198
'0:08.240',-0.180
'0:08.244',-0.177
'0:08.248',-0.165
'0:08.252',-0.168
'0:08.256',-0.180
'0:08.260',-0.190
'0:08.264',-0.205
'0:08.268',-0.207
'0:08.272',-0.203
'0:08.276',-0.190
'0:08.280',-0.180
'0:08.284',-0.170
'0:08.288',-0.168
'0:08.292',-0.165
'0:08.296',-0.165
'0:08.300',-0.165
'0:08.304',-0.158
'0:08.308',-0.122
'0:08.312',-0.098
'0:08.316',-0.010
'0:08.320',0.105
'0:08.324',0.240
'0:08.328',0.430
'0:08.332',0.677
'0:08.336',1.005
'0:08.340',1.343
'0:08.344',1.657
'0:08.348',1.900
'0:08.352',2.007
'0:08.356',1.897
'0:08.360',1.548
'0:08.364',1.012
'0:08.368',0.398
'0:08.372',-0.083
'0:08.376',-0.333
'0:08.380',-0.362
'0:08.384',-0.247
'0:08.388',-0.140
'0:08.392',-0.077
'0:08.396',-0.100
'0:08.400',-0.152
'0:08.404',-0.210
'0:08.408',-0.233
'0:08.412',-0.235
'0:08.416',-0.237
'0:08.420',-0.228
'0:08.424',-0.233
'0:08.428',-0.250
'0:08.432',-0.250
'0:08.436',-0.253
'0:08.440',-0.258
'0:08.444',-0.247
'0:08.448',-0.253
'0:08.452',-0.240
'0:08.456',-0.247
'0:08.460',-0.265
'0:08.464',-0.255
'0:08.468',-0.270
'0:08.472',-0.282
'0:08.476',-0.268
'0:08.480',-0.260
'0:08.484',-0.255
'0:08.488',-0.260
'0:08.492',-0.260
'0:08.496',-0.275
'0:08.500',-0.285
'0:08.504',-0.280
'0:08.508',-0.280
'0:08.512',-0.260
'0:08.516',-0.255
'0:08.520',-0.263
'0:08.524',-0.273
'0:08.528',-0.290
'0:08.532',-0.287
'0:08.536',-0.287
'0:08.540',-0.275
'0:08.544',-0.270
'0:08.548',-0.270
'0:08.552',-0.268
'0:08.556',-0.265
'0:08.560',-0.275
'0:08.564',-0.282
'0:08.568',-0.273
'0:08.572',-0.280
'0:08.576',-0.265
'0:08.580',-0.240
'0:08.584',-0.233
'0:08.588',-0.240
'0:08.592',-0.228
'0:08.596',-0.240
'0:08.600',-0.223
'0:08.604',-0.210
'0:08.608',-0.200
'0:08.612',-0.165
'0:08.616',-0.142
'0:08.620',-0.135
'0:08.624',-0.117
'0:08.628',-0.110
'0:08.632',-0.080
'0:08.636',-0.060
'0:08.640',-0.035
'0:08.644',-0.007
'0:08.648',0.007
'0:08.652',0.018
'0:08.656',0.013
'0:08.660',0.000
'0:08.664',-0.018
'0:08.668',-0.030
'0:08.672',-0.037
'0:08.676',-0.052
'0:08.680',-0.060
'0:08.684',-0.075
'0:08.688',-0.090
'0:08.692',-0.105
'0:08.696',-0.135
'0:08.700',-0.135
'0:08.704',-0.158
'0:08.708',-0.165
'0:08.712',-0.158
'0:08.716',-0.145
'0:08.720',-0.158
'0:08.724',-0.155
'0:08.728',-0.170
'0:08.732',-0.170
'0:08.736',-0.172
'0:08.740',-0.168
'0:08.744',-0.158
'0:08.748',-0.140
'0:08.752',-0.147
'0:08.756',-0.160
'0:08.760',-0.160
'0:08.764',-0.165
'0:08.768',-0.172
'0:08.772',-0.175
'0:08.776',-0.180
'0:08.780',-0.177
'0:08.784',-0.158
'0:08.788',-0.163
'0:08.792',-0.170
'0:08.796',-0.177
'0:08.800',-0.188
'0:08.804',-0.182
'0:08.808',-0.180
'0:08.812',-0.175
'0:08.816',-0.177
'0:08.820',-0.190
'0:08.824',-0.195
'0:08.828',-0.200
'0:08.832',-0.195
'0:08.836',-0.205
'0:08.840',-0.190
'0:08.844',-0.200
'0:08.848',-0.177
'0:08.852',-0.188
'0:08.856',-0.200
'0:08.860',-0.205
'0:08.864',-0.207
'0:08.868',-0.228
'0:08.872',-0.215
'0:08.876',-0.198
'0:08.880',-0.188
'0:08.884',-0.188
'0:08.888',-0.190
'0:08.892',-0.210
'0:08.896',-0.217
'0:08.900',-0.223
'0:08.904',-0.223
'0:08.908',-0.205
'0:08.912',-0.195
'0:08.916',-0.190
'0:08.920',-0.193
'0:08.924',-0.200
'0:08.928',-0.210
'0:08.932',-0.215
'0:08.936',-0.212
'0:08.940',-0.215
'0:08.944',-0.205
'0:08.948',-0.195
'0:08.952',-0.185
'0:08.956',-0.198
'0:08.960',-0.203
'0:08.964',-0.203
'0:08.968',-0.210
'0:08.972',-0.205
'0:08.976',-0.210
'0:08.980',-0.203
'0:08.984',-0.193
'0:08.988',-0.188
'0:08.992',-0.190
'0:08.996',-0.200
'0:09.000',-0.205
'0:09.004',-0.205
'0:09.008',-0.203
'0:09.012',-0.198
'0:09.016',-0.195
'0:09.020',-0.205
'0:09.024',-0.203
'0:09.028',-0.205
'0:09.032',-0.220
'0:09.036',-0.205
'0:09.040',-0.210
'0:09.044',-0.190
'0:09.048',-0.188
'0:09.052',-0.185
'0:09.056',-0.193
'0:09.060',-0.212
'0:09.064',-0.217
'0:09.068',-0.203
'0:09.072',-0.190
'0:09.076',-0.190
'0:09.080',-0.170
'0:09.084',-0.165
'0:09.088',-0.172
'0:09.092',-0.172
'0:09.096',-0.185
'0:09.100',-0.175
'0:09.104',-0.195
'0:09.108',-0.180
'0:09.112',-0.188
'0:09.116',-0.177
'0:09.120',-0.177
'0:09.124',-0.180
'0:09.128',-0.185
'0:09.132',-0.185
'0:09.136',-0.185
'0:09.140',-0.195
'0:09.144',-0.205
'0:09.148',-0.190
'0:09.152',-0.198
'0:09.156',-0.193
'0:09.160',-0.212
'0:09.164',-0.210
'0:09.168',-0.198
'0:09.172',-0.198
'0:09.176',-0.182
'0:09.180',-0.177
'0:09.184',-0.163
'0:09.188',-0.160
'0:09.192',-0.158
'0:09.196',-0.165
'0:09.200',-0.133
'0:09.204',-0.095
'0:09.208',-0.028
'0:09.212',0.095
'0:09.216',0.235
'0:09.220',0.398
'0:09.224',0.580
'0:09.228',0.800
'0:09.232',1.060
'0:09.236',1.330
'0:09.240',1.573
'0:09.244',1.775
'0:09.248',1.875
'0:09.252',1.812
'0:09.256',1.540
'0:09.260',1.095
'0:09.264',0.590
'0:09.268',0.113
'0:09.272',-0.223
'0:09.276',-0.370
'0:09.280',-0.343
'0:09.284',-0.258
'0:09.288',-0.160
'0:09.292',-0.117
'0:09.296',-0.128
'0:09.300',-0.168
'0:09.304',-0.217
'0:09.308',-0.233
'0:09.312',-0.240
'0:09.316',-0.225
'0:09.320',-0.233
'0:09.324',-0.235
'0:09.328',-0.253
'0:09.332',-0.263
'0:09.336',-0.260
'0:09.340',-0.260
'0:09.344',-0.260
'0:09.348',-0.240
'0:09.352',-0.245
'0:09.356',-0.237
'0:09.360',-0.253
'0:09.364',-0.260
'0:09.368',-0.263
'0:09.372',-0.270
'0:09.376',-0.242
'0:09.380',-0.250
'0:09.384',-0.255
'0:09.388',-0.253
'0:09.392',-0.268
'0:09.396',-0.275
'0:09.400',-0.273
'0:09.404',-0.278
'0:09.408',-0.260
'0:09.412',-0.255
'0:09.416',-0.242
'0:09.420',-0.240
'0:09.424',-0.255
'0:09.428',-0.265
'0:09.432',-0.270
'0:09.436',-0.265
'0:09.440',-0.260
'0:09.444',-0.258
'0:09.448',-0.247
'0:09.452',-0.255
'0:09.456',-0.245
'0:09.460',-0.253
'0:09.464',-0.253
'0:09.468',-0.253
'0:09.472',-0.250
'0:09.476',-0.233
'0:09.480',-0.223
'0:09.484',-0.212
'0:09.488',-0.215
'0:09.492',-0.212
'0:09.496',-0.200
'0:09.500',-0.203
'0:09.504',-0.190
'0:09.508',-0.172
'0:09.512',-0.152
'0:09.516',-0.135
'0:09.520',-0.117
'0:09.524',-0.107
'0:09.528',-0.090
'0:09.532',-0.085
'0:09.536',-0.060
'0:09.540',-0.040
'0:09.544',-0.022
'0:09.548',-0.015
'0:09.552',-0.022
'0:09.556',-0.022
'0:09.560',-0.055
'0:09.564',-0.055
'0:09.568',-0.083
'0:09.572',-0.100
'0:09.576',-0.110
'0:09.580',-0.110
'0:09.584',-0.130
'0:09.588',-0.125
'0:09.592',-0.135
'0:09.596',-0.152
'0:09.600',-0.160
'0:09.604',-0.172
'0:09.608',-0.160
'0:09.612',-0.163
'0:09.616',-0.152
'0:09.620',-0.155
'0:09.624',-0.172
'0:09.628',-0.182
'0:09.632',-0.180
'0:09.636',-0.180
'0:09.640',-0.177
'0:09.644',-0.165
'0:09.648',-0.155
'0:09.652',-0.163
'0:09.656',-0.170
'0:09.660',-0.177
'0:09.664',-0.185
'0:09.668',-0.177
'0:09.672',-0.182
'0:09.676',-0.175
'0:09.680',-0.180
'0:09.684',-0.170
'0:09.688',-0.170
'0:09.692',-0.185
'0:09.696',-0.185
'0:09.700',-0.180
'0:09.704',-0.185
'0:09.708',-0.182
'0:09.712',-0.177
'0:09.716',-0.175
'0:09.720',-0.175
'0:09.724',-0.193
'0:09.728',-0.198
'0:09.732',-0.198
'0:09.736',-0.212
'0:09.740',-0.205
'0:09.744',-0.195
'0:09.748',-0.180
'0:09.752',-0.193
'0:09.756',-0.195
'0:09.760',-0.210
'0:09.764',-0.205
'0:09.768',-0.212
'0:09.772',-0.215
'0:09.776',-0.198
'0:09.780',-0.193
'0:09.784',-0.203
'0:09.788',-0.200
'0:09.792',-0.198
'0:09.796',-0.207
'0:09.800',-0.212
'0:09.804',-0.223
'0:09.808',-0.207
'0:09.812',-0.215
'0:09.816',-0.205
'0:09.820',-0.193
'0:09.824',-0.210
'0:09.828',-0.215
'0:09.832',-0.203
'0:09.836',-0.212
'0:09.840',-0.205
'0:09.844',-0.200
'0:09.848',-0.195
'0:09.852',-0.193
'0:09.856',-0.185
'0:09.860',-0.207
'0:09.864',-0.205
'0:09.868',-0.200
'0:09.872',-0.210
'0:09.876',-0.203
'0:09.880',-0.195
'0:09.884',-0.185
'0:09.888',-0.190
'0:09.892',-0.203
'0:09.896',-0.212
'0:09.900',-0.207
'0:09.904',-0.207
'0:09.908',-0.207
'0:09.912',-0.190
'0:09.916',-0.190
'0:09.920',-0.195
'0:09.924',-0.190
'0:09.928',-0.200
'0:09.932',-0.203
'0:09.936',-0.225
'0:09.940',-0.205
'0:09.944',-0.210
'0:09.948',-0.198
'0:09.952',-0.195
'0:09.956',-0.185
'0:09.960',-0.210
'0:09.964',-0.220
'0:09.968',-0.223
'0:09.972',-0.217
'0:09.976',-0.205
'0:09.980',-0.200
'0:09.984',-0.188
'0:09.988',-0.188
'0:09.992',-0.190
'0:09.996',-0.185
'0:10.000',-0.185
'0:10.004',-0.177
'0:10.008',-0.170
'0:10.012',-0.165
'0:10.016',-0.180
'0:10.020',-0.185
'0:10.024',-0.193
'0:10.028',-0.205
'0:10.032',-0.200
'0:10.036',-0.195
'0:10.040',-0.188
'0:10.044',-0.190
'0:10.048',-0.203
'0:10.052',-0.207
'0:10.056',-0.207
'0:10.060',-0.215
'0:10.064',-0.220
'0:10.068',-0.207
'0:10.072',-0.210
'0:10.076',-0.195
'0:10.080',-0.185
'0:10.084',-0.168
'0:10.088',-0.177
'0:10.092',-0.170
'0:10.096',-0.163
'0:10.100',-0.130
'0:10.104',-0.087
'0:10.108',0.005
'0:10.112',0.170
'0:10.116',0.323
'0:10.120',0.522
'0:10.124',0.767
'0:10.128',1.040
'0:10.132',1.340
'0:10.136',1.595
'0:10.140',1.802
'0:10.144',1.840
'0:10.148',1.685
'0:10.152',1.302
'0:10.156',0.765
'0:10.160',0.242
'0:10.164',-0.190
'0:10.168',-0.380
'0:10.172',-0.400
'0:10.176',-0.300
'0:10.180',-0.195
'0:10.184',-0.117
'0:10.188',-0.115
'0:10.192',-0.150
'0:10.196',-0.210
'0:10.200',-0.235
'0:10.204',-0.247
'0:10.208',-0.240
'0:10.212',-0.233
'0:10.216',-0.228
'0:10.220',-0.225
'0:10.224',-0.240
'0:10.228',-0.242
'0:10.232',-0.253
'0:10.236',-0.253
'0:10.240',-0.250
'0:10.244',-0.242
'0:10.248',-0.240
'0:10.252',-0.235
'0:10.256',-0.250
'0:10.260',-0.242
'0:10.264',-0.260
'0:10.268',-0.253
'0:10.272',-0.258
'0:10.276',-0.255
'0:10.280',-0.245
'0:10.284',-0.240
'0:10.288',-0.237
'0:10.292',-0.247
'0:10.296',-0.250
'0:10.300',-0.258
'0:10.304',-0.255
'0:10.308',-0.250
'0:10.312',-0.247
'0:10.316',-0.240
'0:10.320',-0.240
'0:10.324',-0.240
'0:10.328',-0.240
'0:10.332',-0.250
'0:10.336',-0.260
'0:10.340',-0.255
'0:10.344',-0.235
'0:10.348',-0.223
'0:10.352',-0.223
'0:10.356',-0.210
'0:10.360',-0.228
'0:10.364',-0.230
'0:10.368',-0.217
'0:10.372',-0.217
'0:10.376',-0.193
'0:10.380',-0.170
'0:10.384',-0.158
'0:10.388',-0.150
'0:10.392',-0.140
'0:10.396',-0.135
'0:10.400',-0.130
'0:10.404',-0.107
'0:10.408',-0.077
'0:10.412',-0.045
'0:10.416',-0.022
'0:10.420',-0.007
'0:10.424',-0.007
'0:10.428',-0.020
'0:10.432',-0.037
'0:10.436',-0.048
'0:10.440',-0.058
'0:10.444',-0.065
'0:10.448',-0.077
'0:10.452',-0.083
'0:10.456',-0.102
'0:10.460',-0.120
'0:10.464',-0.140
'0:10.468',-0.163
'0:10.472',-0.168
'0:10.476',-0.175
'0:10.480',-0.177
'0:10.484',-0.160
'0:10.488',-0.163
'0:10.492',-0.165
'0:10.496',-0.180
'0:10.500',-0.188
'0:10.504',-0.182
'0:10.508',-0.188
'0:10.512',-0.180
'0:10.516',-0.175
'0:10.520',-0.172
'0:10.524',-0.172
'0:10.528',-0.188
'0:10.532',-0.193
'0:10.536',-0.193
'0:10.540',-0.198
'0:10.544',-0.182
'0:10.548',-0.180
'0:10.552',-0.170
'0:10.556',-0.172
'0:10.560',-0.193
'0:10.564',-0.195
'0:10.568',-0.198
'0:10.572',-0.195
'0:10.576',-0.195
'0:10.580',-0.175
'0:10.584',-0.182
'0:10.588',-0.185
'0:10.592',-0.185
'0:10.596',-0.180
'0:10.600',-0.195
'0:10.604',-0.205
'0:10.608',-0.205
'0:10.612',-0.193
'0:10.616',-0.177
'0:10.620',-0.185
'0:10.624',-0.185
'0:10.628',-0.188
'0:10.632',-0.200
'0:10.636',-0.200
'0:10.640',-0.200
'0:10.644',-0.193
'0:10.648',-0.177
'0:10.652',-0.177
'0:10.656',-0.172
'0:10.660',-0.188
'0:10.664',-0.195
'0:10.668',-0.203
'0:10.672',-0.193
'0:10.676',-0.198
'0:10.680',-0.195
'0:10.684',-0.190
'0:10.688',-0.193
'0:10.692',-0.207
'0:10.696',-0.185
'0:10.700',-0.207
'0:10.704',-0.212
'0:10.708',-0.217
'0:10.712',-0.203
'0:10.716',-0.200
'0:10.720',-0.182
'0:10.724',-0.200
'0:10.728',-0.190
'0:10.732',-0.207
'0:10.736',-0.215
'0:10.740',-0.210
'0:10.744',-0.198
'0:10.748',-0.195
'0:10.752',-0.182
'0:10.756',-0.182
'0:10.760',-0.190
'0:10.764',-0.190
'0:10.768',-0.203
'0:10.772',-0.205
'0:10.776',-0.190
'0:10.780',-0.185
'0:10.784',-0.182
'0:10.788',-0.170
'0:10.792',-0.188
'0:10.796',-0.198
'0:10.800',-0.203
'0:10.804',-0.195
'0:10.808',-0.188
'0:10.812',-0.188
'0:10.816',-0.177
'0:10.820',-0.177
'0:10.824',-0.177
'0:10.828',-0.185
'0:10.832',-0.200
'0:10.836',-0.207
'0:10.840',-0.200
'0:10.844',-0.177
'0:10.848',-0.160
'0:10.852',-0.150
'0:10.856',-0.158
'0:10.860',-0.170
'0:10.864',-0.175
'0:10.868',-0.170
'0:10.872',-0.168
'0:10.876',-0.168
'0:10.880',-0.160
'0:10.884',-0.165
'0:10.888',-0.168
'0:10.892',-0.170
'0:10.896',-0.175
'0:10.900',-0.180
'0:10.904',-0.165
'0:10.908',-0.180
'0:10.912',-0.180
'0:10.916',-0.177
'0:10.920',-0.188
'0:10.924',-0.195
'0:10.928',-0.190
'0:10.932',-0.190
'0:10.936',-0.190
'0:10.940',-0.185
'0:10.944',-0.172
'0:10.948',-0.155
'0:10.952',-0.152
'0:10.956',-0.142
'0:10.960',-0.140
'0:10.964',-0.120
'0:10.968',-0.070
'0:10.972',0.013
'0:10.976',0.142
'0:10.980',0.320
'0:10.984',0.512
'0:10.988',0.770
'0:10.992',1.052
'0:10.996',1.363
'0:11.000',1.630
'0:11.004',1.847
'0:11.008',1.952
'0:11.012',1.863
'0:11.016',1.560
'0:11.020',1.075
'0:11.024',0.510
'0:11.028',0.007
'0:11.032',-0.307
'0:11.036',-0.398
'0:11.040',-0.318
'0:11.044',-0.195
'0:11.048',-0.100
'0:11.052',-0.062
'0:11.056',-0.107
'0:11.060',-0.172
'0:11.064',-0.220
'0:11.068',-0.233
'0:11.072',-0.235
'0:11.076',-0.220
'0:11.080',-0.215
'0:11.084',-0.205
'0:11.088',-0.207
'0:11.092',-0.230
'0:11.096',-0.235
'0:11.100',-0.242
'0:11.104',-0.240
'0:11.108',-0.242
'0:11.112',-0.230
'0:11.116',-0.233
'0:11.120',-0.228
'0:11.124',-0.233
'0:11.128',-0.240
'0:11.132',-0.250
'0:11.136',-0.253
'0:11.140',-0.253
'0:11.144',-0.237
'0:11.148',-0.237
'0:11.152',-0.223
'0:11.156',-0.235
'0:11.160',-0.242
'0:11.164',-0.247
'0:11.168',-0.253
'0:11.172',-0.265
'0:11.176',-0.265
'0:11.180',-0.247
'0:11.184',-0.237
'0:11.188',-0.237
'0:11.192',-0.240
'0:11.196',-0.240
'0:11.200',-0.247
'0:11.204',-0.253
'0:11.208',-0.237
'0:11.212',-0.230
'0:11.216',-0.220
'0:11.220',-0.215
'0:11.224',-0.215
'0:11.228',-0.207
'0:11.232',-0.212
'0:11.236',-0.210
'0:11.240',-0.200
'0:11.244',-0.182
'0:11.248',-0.172
'0:11.252',-0.168
'0:11.256',-0.150
'0:11.260',-0.135
'0:11.264',-0.133
'0:11.268',-0.115
'0:11.272',-0.102
'0:11.276',-0.072
'0:11.280',-0.045
'0:11.284',0.000
'0:11.288',0.005
'0:11.292',0.003
'0:11.296',0.007
'0:11.300',0.000
'0:11.304',-0.020
'0:11.308',-0.033
'0:11.312',-0.037
'0:11.316',-0.043
'0:11.320',-0.060
'0:11.324',-0.080
'0:11.328',-0.095
'0:11.332',-0.113
'0:11.336',-0.125
'0:11.340',-0.130
'0:11.344',-0.133
'0:11.348',-0.135
'0:11.352',-0.133
'0:11.356',-0.133
'0:11.360',-0.152
'0:11.364',-0.152
'0:11.368',-0.163
'0:11.372',-0.155
'0:11.376',-0.150
'0:11.380',-0.155
'0:11.384',-0.140
'0:11.388',-0.133
'0:11.392',-0.145
'0:11.396',-0.152
'0:11.400',-0.163
'0:11.404',-0.175
'0:11.408',-0.163
'0:11.412',-0.158
'0:11.416',-0.160
'0:11.420',-0.160
'0:11.424',-0.155
'0:11.428',-0.168
'0:11.432',-0.170
'0:11.436',-0.182
'0:11.440',-0.168
'0:11.444',-0.165
'0:11.448',-0.160
'0:11.452',-0.158
'0:11.456',-0.172
'0:11.460',-0.170
'0:11.464',-0.180
'0:11.468',-0.180
'0:11.472',-0.193
'0:11.476',-0.185
'0:11.480',-0.182
'0:11.484',-0.188
'0:11.488',-0.190
'0:11.492',-0.193
'0:11.496',-0.205
'0:11.500',-0.207
'0:11.504',-0.210
'0:11.508',-0.207
'0:11.512',-0.200
'0:11.516',-0.193
'0:11.520',-0.198
'0:11.524',-0.195
'0:11.528',-0.203
'0:11.532',-0.207
'0:11.536',-0.215
'0:11.540',-0.215
'0:11.544',-0.200
'0:11.548',-0.185
'0:11.552',-0.198
'0:11.556',-0.190
'0:11.560',-0.200
'0:11.564',-0.215
'0:11.568',-0.212
'0:11.572',-0.215
'0:11.576',-0.217
'0:11.580',-0.193
'0:11.584',-0.193
'0:11.588',-0.190
'0:11.592',-0.188
'0:11.596',-0.200
'0:11.600',-0.200
'0:11.604',-0.198
'0:11.608',-0.198
'0:11.612',-0.182
'0:11.616',-0.182
'0:11.620',-0.180
'0:11.624',-0.188
'0:11.628',-0.188
'0:11.632',-0.193
'0:11.636',-0.198
'0:11.640',-0.203
'0:11.644',-0.190
'0:11.648',-0.177
'0:11.652',-0.182
'0:11.656',-0.175
'0:11.660',-0.185
'0:11.664',-0.195
'0:11.668',-0.200
'0:11.672',-0.200
'0:11.676',-0.195
'0:11.680',-0.195
'0:11.684',-0.175
'0:11.688',-0.185
'0:11.692',-0.188
'0:11.696',-0.200
'0:11.700',-0.203
'0:11.704',-0.200
'0:11.708',-0.185
'0:11.712',-0.177
'0:11.716',-0.182
'0:11.720',-0.175
'0:11.724',-0.182
'0:11.728',-0.185
'0:11.732',-0.190
'0:11.736',-0.195
'0:11.740',-0.195
'0:11.744',-0.185
'0:11.748',-0.175
'0:11.752',-0.177
'0:11.756',-0.177
'0:11.760',-0.172
'0:11.764',-0.172
'0:11.768',-0.180
'0:11.772',-0.207
'0:11.776',-0.182
'0:11.780',-0.185
'0:11.784',-0.188
'0:11.788',-0.175
'0:11.792',-0.177
'0:11.796',-0.168
'0:11.800',-0.163
'0:11.804',-0.163
'0:11.808',-0.175
'0:11.812',-0.165
'0:11.816',-0.147
'0:11.820',-0.138
'0:11.824',-0.147
'0:11.828',-0.160
'0:11.832',-0.172
'0:11.836',-0.180
'0:11.840',-0.182
'0:11.844',-0.168
'0:11.848',-0.150
'0:11.852',-0.152
'0:11.856',-0.147
'0:11.860',-0.160
'0:11.864',-0.170
'0:11.868',-0.180
'0:11.872',-0.190
'0:11.876',-0.198
'0:11.880',-0.185
'0:11.884',-0.168
'0:11.888',-0.175
'0:11.892',-0.175
'0:11.896',-0.182
'0:11.900',-0.175
'0:11.904',-0.175
'0:11.908',-0.168
'0:11.912',-0.152
'0:11.916',-0.130
'0:11.920',-0.120
'0:11.924',-0.110
'0:11.928',-0.060
'0:11.932',0.028
'0:11.936',0.163
'0:11.940',0.312
'0:11.944',0.530
'0:11.948',0.792
'0:11.952',1.120
'0:11.956',1.417
'0:11.960',1.695
'0:11.964',1.873
'0:11.968',1.998
'0:11.972',1.942
'0:11.976',1.718
'0:11.980',1.292
'0:11.984',0.752
'0:11.988',0.230
'0:11.992',-0.163
'0:11.996',-0.335
'0:12.000',-0.338
'0:12.004',-0.220
'0:12.008',-0.128
'0:12.012',-0.090
'0:12.016',-0.102
'0:12.020',-0.155
'0:12.024',-0.195
'0:12.028',-0.240
'0:12.032',-0.253
'0:12.036',-0.242
'0:12.040',-0.237
'0:12.044',-0.230
'0:12.048',-0.233
'0:12.052',-0.233
'0:12.056',-0.235
'0:12.060',-0.245
'0:12.064',-0.265
'0:12.068',-0.253
'0:12.072',-0.253
'0:12.076',-0.260
'0:12.080',-0.253
'0:12.084',-0.247
'0:12.088',-0.245
'0:12.092',-0.255
'0:12.096',-0.263
'0:12.100',-0.265
'0:12.104',-0.258
'0:12.108',-0.265
'0:12.112',-0.258
'0:12.116',-0.263
'0:12.120',-0.253
'0:12.124',-0.260
'0:12.128',-0.268
'0:12.132',-0.278
'0:12.136',-0.268
'0:12.140',-0.278
'0:12.144',-0.268
'0:12.148',-0.253
'0:12.152',-0.240
'0:12.156',-0.253
'0:12.160',-0.255
'0:12.164',-0.273
'0:12.168',-0.258
'0:12.172',-0.265
'0:12.176',-0.247
'0:12.180',-0.250
'0:12.184',-0.235
'0:12.188',-0.235
'0:12.192',-0.240
'0:12.196',-0.235
'0:12.200',-0.235
'0:12.204',-0.230
'0:12.208',-0.220
'0:12.212',-0.198
'0:12.216',-0.180
'0:12.220',-0.165
'0:12.224',-0.145
'0:12.228',-0.133
'0:12.232',-0.125
'0:12.236',-0.100
'0:12.240',-0.065
'0:12.244',-0.037
'0:12.248',-0.015
'0:12.252',0.018
'0:12.256',0.025
'0:12.260',0.013
'0:12.264',0.003
'0:12.268',-0.022
'0:12.272',-0.040
'0:12.276',-0.048
'0:12.280',-0.062
'0:12.284',-0.072
'0:12.288',-0.092
'0:12.292',-0.105
'0:12.296',-0.135
'0:12.300',-0.140
'0:12.304',-0.150
'0:12.308',-0.152
'0:12.312',-0.150
'0:12.316',-0.140
'0:12.320',-0.140
'0:12.324',-0.160
'0:12.328',-0.172
'0:12.332',-0.177
'0:12.336',-0.180
'0:12.340',-0.180
'0:12.344',-0.170
'0:12.348',-0.165
'0:12.352',-0.163
'0:12.356',-0.172
'0:12.360',-0.180
'0:12.364',-0.193
'0:12.368',-0.185
'0:12.372',-0.182
'0:12.376',-0.188
'0:12.380',-0.180
'0:12.384',-0.180
'0:12.388',-0.172
'0:12.392',-0.188
'0:12.396',-0.193
'0:12.400',-0.200
'0:12.404',-0.217
'0:12.408',-0.210
'0:12.412',-0.193
'0:12.416',-0.193
'0:12.420',-0.195
'0:12.424',-0.205
'0:12.428',-0.205
'0:12.432',-0.205
'0:12.436',-0.220
'0:12.440',-0.220
'0:12.444',-0.210
'0:12.448',-0.205
'0:12.452',-0.203
'0:12.456',-0.212
'0:12.460',-0.210
'0:12.464',-0.223
'0:12.468',-0.228
'0:12.472',-0.233
'0:12.476',-0.220
'0:12.480',-0.210
'0:12.484',-0.207
'0:12.488',-0.210
'0:12.492',-0.207
'0:12.496',-0.217
'0:12.500',-0.217
'0:12.504',-0.225
'0:12.508',-0.225
'0:12.512',-0.212
'0:12.516',-0.210
'0:12.520',-0.200
'0:12.524',-0.210
'0:12.528',-0.215
'0:12.532',-0.215
'0:12.536',-0.228
'0:12.540',-0.225
'0:12.544',-0.207
'0:12.548',-0.207
'0:12.552',-0.212
'0:12.556',-0.205
'0:12.560',-0.215
'0:12.564',-0.228
'0:12.568',-0.217
'0:12.572',-0.223
'0:12.576',-0.212
'0:12.580',-0.210
'0:12.584',-0.200
'0:12.588',-0.203
'0:12.592',-0.195
'0:12.596',-0.210
'0:12.600',-0.217
'0:12.604',-0.220
'0:12.608',-0.220
'0:12.612',-0.212
'0:12.616',-0.193
'0:12.620',-0.190
'0:12.624',-0.195
'0:12.628',-0.207
'0:12.632',-0.212
'0:12.636',-0.207
'0:12.640',-0.215
'0:12.644',-0.212
'0:12.648',-0.193
'0:12.652',-0.205
'0:12.656',-0.205
'0:12.660',-0.195
'0:12.664',-0.212
'0:12.668',-0.210
'0:12.672',-0.225
'0:12.676',-0.205
'0:12.680',-0.203
'0:12.684',-0.200
'0:12.688',-0.210
'0:12.692',-0.212
'0:12.696',-0.200
'0:12.700',-0.198
'0:12.704',-0.188
'0:12.708',-0.180
'0:12.712',-0.175
'0:12.716',-0.180
'0:12.720',-0.175
'0:12.724',-0.170
'0:12.728',-0.180
'0:12.732',-0.177
'0:12.736',-0.185
'0:12.740',-0.207
'0:12.744',-0.200
'0:12.748',-0.195
'0:12.752',-0.185
'0:12.756',-0.185
'0:12.760',-0.188
'0:12.764',-0.185
'0:12.768',-0.195
'0:12.772',-0.207
'0:12.776',-0.210
'0:12.780',-0.215
'0:12.784',-0.200
'0:12.788',-0.205
'0:12.792',-0.195
'0:12.796',-0.195
'0:12.800',-0.188
'0:12.804',-0.193
'0:12.808',-0.180
'0:12.812',-0.168
'0:12.816',-0.155
'0:12.820',-0.133
'0:12.824',-0.115
'0:12.828',-0.060
'0:12.832',0.043
'0:12.836',0.185
'0:12.840',0.367
'0:12.844',0.637
'0:12.848',0.960
'0:12.852',1.305
'0:12.856',1.615
'0:12.860',1.853
'0:12.864',1.978
'0:12.868',1.923
'0:12.872',1.653
'0:12.876',1.167
'0:12.880',0.593
'0:12.884',0.058
'0:12.888',-0.285
'0:12.892',-0.380
'0:12.896',-0.307
'0:12.900',-0.190
'0:12.904',-0.125
'0:12.908',-0.115
'0:12.912',-0.163
'0:12.916',-0.200
'0:12.920',-0.242
'0:12.924',-0.247
'0:12.928',-0.250
'0:12.932',-0.258
'0:12.936',-0.255
'0:12.940',-0.260
'0:12.944',-0.258
'0:12.948',-0.250
'0:12.952',-0.253
'0:12.956',-0.253
'0:12.960',-0.268
'0:12.964',-0.278
'0:12.968',-0.280
'0:12.972',-0.280
'0:12.976',-0.273
'0:12.980',-0.278
'0:12.984',-0.258
'0:12.988',-0.265
'0:12.992',-0.270
'0:12.996',-0.280
'0:13.000',-0.287
'0:13.004',-0.295
'0:13.008',-0.292
'0:13.012',-0.280
'0:13.016',-0.278
'0:13.020',-0.265
'0:13.024',-0.270
'0:13.028',-0.280
'0:13.032',-0.287
'0:13.036',-0.282
'0:13.040',-0.278
'0:13.044',-0.270
'0:13.048',-0.268
'0:13.052',-0.263
'0:13.056',-0.250
'0:13.060',-0.255
'0:13.064',-0.260
'0:13.068',-0.265
'0:13.072',-0.263
'0:13.076',-0.240
'0:13.080',-0.212
'0:13.084',-0.210
'0:13.088',-0.195
'0:13.092',-0.182
'0:13.096',-0.188
'0:13.100',-0.165
'0:13.104',-0.152
'0:13.108',-0.110
'0:13.112',-0.083
'0:13.116',-0.043
'0:13.120',-0.035
'0:13.124',-0.005
'0:13.128',-0.015
'0:13.132',-0.035
'0:13.136',-0.058
'0:13.140',-0.060
'0:13.144',-0.070
'0:13.148',-0.090
'0:13.152',-0.098
'0:13.156',-0.107
'0:13.160',-0.120
'0:13.164',-0.152
'0:13.168',-0.172
'0:13.172',-0.165
'0:13.176',-0.170
'0:13.180',-0.158
'0:13.184',-0.152
'0:13.188',-0.155
'0:13.192',-0.168
'0:13.196',-0.170
'0:13.200',-0.170
'0:13.204',-0.172
'0:13.208',-0.175
'0:13.212',-0.168
'0:13.216',-0.152
'0:13.220',-0.160
'0:13.224',-0.170
'0:13.228',-0.182
'0:13.232',-0.188
'0:13.236',-0.200
'0:13.240',-0.195
'0:13.244',-0.190
'0:13.248',-0.185
'0:13.252',-0.180
'0:13.256',-0.185
'0:13.260',-0.193
'0:13.264',-0.203
'0:13.268',-0.207
'0:13.272',-0.205
'0:13.276',-0.207
'0:13.280',-0.198
'0:13.284',-0.188
'0:13.288',-0.195
'0:13.292',-0.205
'0:13.296',-0.217
'0:13.300',-0.217
'0:13.304',-0.223
'0:13.308',-0.220
'0:13.312',-0.212
'0:13.316',-0.205
'0:13.320',-0.198
'0:13.324',-0.205
'0:13.328',-0.235
'0:13.332',-0.228
'0:13.336',-0.233
'0:13.340',-0.242
'0:13.344',-0.240
'0:13.348',-0.230
'0:13.352',-0.225
'0:13.356',-0.220
'0:13.360',-0.220
'0:13.364',-0.230
'0:13.368',-0.240
'0:13.372',-0.233
'0:13.376',-0.225
'0:13.380',-0.212
'0:13.384',-0.203
'0:13.388',-0.210
'0:13.392',-0.200
'0:13.396',-0.215
'0:13.400',-0.223
'0:13.404',-0.220
'0:13.408',-0.225
'0:13.412',-0.207
'0:13.416',-0.212
'0:13.420',-0.195
'0:13.424',-0.223
'0:13.428',-0.220
'0:13.432',-0.228
'0:13.436',-0.225
'0:13.440',-0.230
'0:13.444',-0.220
'0:13.448',-0.215
'0:13.452',-0.207
'0:13.456',-0.217
'0:13.460',-0.225
'0:13.464',-0.223
'0:13.468',-0.225
'0:13.472',-0.235
'0:13.476',-0.225
'0:13.480',-0.207
'0:13.484',-0.207
'0:13.488',-0.207
'0:13.492',-0.205
'0:13.496',-0.212
'0:13.500',-0.210
'0:13.504',-0.215
'0:13.508',-0.210
'0:13.512',-0.210
'0:13.516',-0.207
'0:13.520',-0.198
'0:13.524',-0.203
'0:13.528',-0.215
'0:13.532',-0.212
'0:13.536',-0.217
'0:13.540',-0.210
'0:13.544',-0.198
'0:13.548',-0.195
'0:13.552',-0.188
'0:13.556',-0.185
'0:13.560',-0.198
'0:13.564',-0.212
'0:13.568',-0.210
'0:13.572',-0.215
'0:13.576',-0.190
'0:13.580',-0.180
'0:13.584',-0.163
'0:13.588',-0.168
'0:13.592',-0.185
'0:13.596',-0.180
'0:13.600',-0.180
'0:13.604',-0.175
'0:13.608',-0.190
'0:13.612',-0.193
'0:13.616',-0.188
'0:13.620',-0.188
'0:13.624',-0.190
'0:13.628',-0.195
'0:13.632',-0.193
'0:13.636',-0.205
'0:13.640',-0.207
'0:13.644',-0.210
'0:13.648',-0.203
'0:13.652',-0.200
'0:13.656',-0.198
'0:13.660',-0.198
'0:13.664',-0.207
'0:13.668',-0.207
'0:13.672',-0.198
'0:13.676',-0.182
'0:13.680',-0.170
'0:13.684',-0.133
'0:13.688',-0.092
'0:13.692',-0.007
'0:13.696',0.125
'0:13.700',0.302
'0:13.704',0.542
'0:13.708',0.843
'0:13.712',1.192
'0:13.716',1.528
'0:13.720',1.790
'0:13.724',1.958
'0:13.728',1.960
'0:13.732',1.735
'0:13.736',1.285
'0:13.740',0.695
'0:13.744',0.122
'0:13.748',-0.273
'0:13.752',-0.420
'0:13.756',-0.370
'0:13.760',-0.240
'0:13.764',-0.140
'0:13.768',-0.120
'0:13.772',-0.158
'0:13.776',-0.205
'0:13.780',-0.253
'0:13.784',-0.255
'0:13.788',-0.253
'0:13.792',-0.258
'0:13.796',-0.270
'0:13.800',-0.263
'0:13.804',-0.282
'0:13.808',-0.278
'0:13.812',-0.275
'0:13.816',-0.280
'0:13.820',-0.273
'0:13.824',-0.270
'0:13.828',-0.278
'0:13.832',-0.280
'0:13.836',-0.282
'0:13.840',-0.290
'0:13.844',-0.285
'0:13.848',-0.270
'0:13.852',-0.268
'0:13.856',-0.275
'0:13.860',-0.275
'0:13.864',-0.282
'0:13.868',-0.280
'0:13.872',-0.295
'0:13.876',-0.295
'0:13.880',-0.275
'0:13.884',-0.263
'0:13.888',-0.263
'0:13.892',-0.275
'0:13.896',-0.282
'0:13.900',-0.297
'0:13.904',-0.290
'0:13.908',-0.287
'0:13.912',-0.275
'0:13.916',-0.268
'0:13.920',-0.258
'0:13.924',-0.270
'0:13.928',-0.273
'0:13.932',-0.273
'0:13.936',-0.285
'0:13.940',-0.278
'0:13.944',-0.265
'0:13.948',-0.245
'0:13.952',-0.228
'0:13.956',-0.217
'0:13.960',-0.207
'0:13.964',-0.220
'0:13.968',-0.203
'0:13.972',-0.207
'0:13.976',-0.182
'0:13.980',-0.150
'0:13.984',-0.138
'0:13.988',-0.122
'0:13.992',-0.102
'0:13.996',-0.080
'0:14.000',-0.068
'0:14.004',-0.050
'0:14.008',-0.048
'0:14.012',-0.030
'0:14.016',-0.013
'0:14.020',-0.013
'0:14.024',-0.035
'0:14.028',-0.060
'0:14.032',-0.077
'0:14.036',-0.083
'0:14.040',-0.098
'0:14.044',-0.113
'0:14.048',-0.110
'0:14.052',-0.122
'0:14.056',-0.135
'0:14.060',-0.142
'0:14.064',-0.170
'0:14.068',-0.180
'0:14.072',-0.190
'0:14.076',-0.185
'0:14.080',-0.185
'0:14.084',-0.175
'0:14.088',-0.170
'0:14.092',-0.180
'0:14.096',-0.198
'0:14.100',-0.190
'0:14.104',-0.198
'0:14.108',-0.210
'0:14.112',-0.190
'0:14.116',-0.177
'0:14.120',-0.170
'0:14.124',-0.182
'0:14.128',-0.185
'0:14.132',-0.200
'0:14.136',-0.198
'0:14.140',-0.190
'0:14.144',-0.207
'0:14.148',-0.190
'0:14.152',-0.185
'0:14.156',-0.198
'0:14.160',-0.205
'0:14.164',-0.212
'0:14.168',-0.212
'0:14.172',-0.215
'0:14.176',-0.220
'0:14.180',-0.200
'0:14.184',-0.190
'0:14.188',-0.205
'0:14.192',-0.212
'0:14.196',-0.217
'0:14.200',-0.207
'0:14.204',-0.212
'0:14.208',-0.217
'0:14.212',-0.207
'0:14.216',-0.190
'0:14.220',-0.205
'0:14.224',-0.195
'0:14.228',-0.210
'0:14.232',-0.210
'0:14.236',-0.215
'0:14.240',-0.230
'0:14.244',-0.228
'0:14.248',-0.205
'0:14.252',-0.207
'0:14.256',-0.205
'0:14.260',-0.212
'0:14.264',-0.223
'0:14.268',-0.220
'0:14.272',-0.220
'0:14.276',-0.210
'0:14.280',-0.195
'0:14.284',-0.200
'0:14.288',-0.205
'0:14.292',-0.210
'0:14.296',-0.210
'0:14.300',-0.220
'0:14.304',-0.230
'0:14.308',-0.225
'0:14.312',-0.220
'0:14.316',-0.210
'0:14.320',-0.212
'0:14.324',-0.215
'0:14.328',-0.230
'0:14.332',-0.228
'0:14.336',-0.237
'0:14.340',-0.220
'0:14.344',-0.230
'0:14.348',-0.223
'0:14.352',-0.220
'0:14.356',-0.225
'0:14.360',-0.223
'0:14.364',-0.228
'0:14.368',-0.233
'0:14.372',-0.217
'0:14.376',-0.228
'0:14.380',-0.207
'0:14.384',-0.215
'0:14.388',-0.205
'0:14.392',-0.210
'0:14.396',-0.223
'0:14.400',-0.235
'0:14.404',-0.233
'0:14.408',-0.225
'0:14.412',-0.217
'0:14.416',-0.205
'0:14.420',-0.203
'0:14.424',-0.205
'0:14.428',-0.210
'0:14.432',-0.220
'0:14.436',-0.230
'0:14.440',-0.207
'0:14.444',-0.200
'0:14.448',-0.180
'0:14.452',-0.168
'0:14.456',-0.180
'0:14.460',-0.190
'0:14.464',-0.190
'0:14.468',-0.182
'0:14.472',-0.188
'0:14.476',-0.195
'0:14.480',-0.198
'0:14.484',-0.207
'0:14.488',-0.200
'0:14.492',-0.182
'0:14.496',-0.203
'0:14.500',-0.205
'0:14.504',-0.228
'0:14.508',-0.217
'0:14.512',-0.220
'0:14.516',-0.210
'0:14.520',-0.225
'0:14.524',-0.223
'0:14.528',-0.220
'0:14.532',-0.223
'0:14.536',-0.217
'0:14.540',-0.210
'0:14.544',-0.210
'0:14.548',-0.193
'0:14.552',-0.190
'0:14.556',-0.170
'0:14.560',-0.152
'0:14.564',-0.128
'0:14.568',-0.068
'0:14.572',0.033
'0:14.576',0.198
'0:14.580',0.390
'0:14.584',0.615
'0:14.588',0.863
'0:14.592',1.160
'0:14.596',1.423
'0:14.600',1.673
'0:14.604',1.808
'0:14.608',1.788
'0:14.612',1.548
'0:14.616',1.120
'0:14.620',0.605
'0:14.624',0.098
'0:14.628',-0.263
'0:14.632',-0.427
'0:14.636',-0.425
'0:14.640',-0.325
'0:14.644',-0.215
'0:14.648',-0.152
'0:14.652',-0.145
'0:14.656',-0.185
'0:14.660',-0.235
'0:14.664',-0.268
'0:14.668',-0.278
'0:14.672',-0.290
'0:14.676',-0.265
'0:14.680',-0.250
'0:14.684',-0.245
'0:14.688',-0.260
'0:14.692',-0.265
'0:14.696',-0.275
'0:14.700',-0.273
'0:14.704',-0.287
'0:14.708',-0.275
'0:14.712',-0.270
'0:14.716',-0.268
'0:14.720',-0.275
'0:14.724',-0.278
'0:14.728',-0.278
'0:14.732',-0.280
'0:14.736',-0.287
'0:14.740',-0.280
'0:14.744',-0.280
'0:14.748',-0.273
'0:14.752',-0.265
'0:14.756',-0.273
'0:14.760',-0.273
'0:14.764',-0.280
'0:14.768',-0.278
'0:14.772',-0.280
'0:14.776',-0.282
'0:14.780',-0.260
'0:14.784',-0.255
'0:14.788',-0.258
'0:14.792',-0.270
'0:14.796',-0.275
'0:14.800',-0.278
'0:14.804',-0.292
'0:14.808',-0.275
'0:14.812',-0.253
'0:14.816',-0.245
'0:14.820',-0.235
'0:14.824',-0.250
'0:14.828',-0.240
'0:14.832',-0.237
'0:14.836',-0.245
'0:14.840',-0.235
'0:14.844',-0.233
'0:14.848',-0.215
'0:14.852',-0.200
'0:14.856',-0.190
'0:14.860',-0.182
'0:14.864',-0.182
'0:14.868',-0.170
'0:14.872',-0.150
'0:14.876',-0.122
'0:14.880',-0.100
'0:14.884',-0.072
'0:14.888',-0.058
'0:14.892',-0.035
'0:14.896',-0.033
'0:14.900',-0.035
'0:14.904',-0.040
'0:14.908',-0.048
'0:14.912',-0.068
'0:14.916',-0.077
'0:14.920',-0.077
'0:14.924',-0.107
'0:14.928',-0.135
'0:14.932',-0.150
'0:14.936',-0.158
'0:14.940',-0.170
'0:14.944',-0.165
'0:14.948',-0.160
'0:14.952',-0.158
'0:14.956',-0.168
'0:14.960',-0.170
'0:14.964',-0.182
'0:14.968',-0.193
'0:14.972',-0.200
'0:14.976',-0.190
'0:14.980',-0.185
'0:14.984',-0.180
'0:14.988',-0.175
'0:14.992',-0.195
'0:14.996',-0.198
'0:15.000',-0.200
'0:15.004',-0.198
'0:15.008',-0.195
'0:15.012',-0.190
'0:15.016',-0.182
'0:15.020',-0.195
'0:15.024',-0.185
'0:15.028',-0.205
'0:15.032',-0.212
'0:15.036',-0.207
'0:15.040',-0.200
'0:15.044',-0.195
'0:15.048',-0.195
'0:15.052',-0.193
'0:15.056',-0.193
'0:15.060',-0.195
'0:15.064',-0.203
'0:15.068',-0.210
'0:15.072',-0.220
'0:15.076',-0.233
'0:15.080',-0.215
'0:15.084',-0.195
'0:15.088',-0.203
'0:15.092',-0.205
'0:15.096',-0.210
'0:15.100',-0.225
'0:15.104',-0.228
'0:15.108',-0.220
'0:15.112',-0.225
'0:15.116',-0.217
'0:15.120',-0.220
'0:15.124',-0.212
'0:15.128',-0.220
'0:15.132',-0.223
'0:15.136',-0.223
'0:15.140',-0.228
'0:15.144',-0.215
'0:15.148',-0.207
'0:15.152',-0.207
'0:15.156',-0.207
'0:15.160',-0.215
'0:15.164',-0.228
'0:15.168',-0.233
'0:15.172',-0.230
'0:15.176',-0.225
'0:15.180',-0.217
'0:15.184',-0.207
'0:15.188',-0.203
'0:15.192',-0.205
'0:15.196',-0.212
'0:15.200',-0.217
'0:15.204',-0.223
'0:15.208',-0.228
'0:15.212',-0.215
'0:15.216',-0.198
'0:15.220',-0.190
'0:15.224',-0.203
'0:15.228',-0.205
'0:15.232',-0.205
'0:15.236',-0.217
'0:15.240',-0.215
'0:15.244',-0.207
'0:15.248',-0.190
'0:15.252',-0.200
'0:15.256',-0.195
'0:15.260',-0.220
'0:15.264',-0.228
'0:15.268',-0.230
'0:15.272',-0.223
'0:15.276',-0.233
'0:15.280',-0.200
'0:15.284',-0.193
'0:15.288',-0.203
'0:15.292',-0.205
'0:15.296',-0.207
'0:15.300',-0.215
'0:15.304',-0.223
'0:15.308',-0.215
'0:15.312',-0.200
'0:15.316',-0.185
'0:15.320',-0.163
'0:15.324',-0.160
'0:15.328',-0.172
'0:15.332',-0.182
'0:15.336',-0.188
'0:15.340',-0.180
'0:15.344',-0.160
'0:15.348',-0.142
'0:15.352',-0.145
'0:15.356',-0.170
'0:15.360',-0.198
'0:15.364',-0.223
'0:15.368',-0.220
'0:15.372',-0.212
'0:15.376',-0.193
'0:15.380',-0.170
'0:15.384',-0.165
'0:15.388',-0.170
'0:15.392',-0.188
'0:15.396',-0.200
'0:15.400',-0.220
'0:15.404',-0.225
'0:15.408',-0.225
'0:15.412',-0.207
'0:15.416',-0.205
'0:15.420',-0.195
'0:15.424',-0.195
'0:15.428',-0.193
'0:15.432',-0.195
'0:15.436',-0.188
'0:15.440',-0.190
'0:15.444',-0.155
'0:15.448',-0.100
'0:15.452',-0.025
'0:15.456',0.092
'0:15.460',0.235
'0:15.464',0.412
'0:15.468',0.623
'0:15.472',0.900
'0:15.476',1.202
'0:15.480',1.485
'0:15.484',1.742
'0:15.488',1.883
'0:15.492',1.835
'0:15.496',1.577
'0:15.500',1.130
'0:15.504',0.580
'0:15.508',0.060
'0:15.512',-0.273
'0:15.516',-0.410
'0:15.520',-0.388
'0:15.524',-0.290
'0:15.528',-0.198
'0:15.532',-0.147
'0:15.536',-0.168
'0:15.540',-0.200
'0:15.544',-0.230
'0:15.548',-0.255
'0:15.552',-0.253
'0:15.556',-0.250
'0:15.560',-0.253
'0:15.564',-0.255
'0:15.568',-0.275
'0:15.572',-0.263
'0:15.576',-0.270
'0:15.580',-0.255
'0:15.584',-0.247
'0:15.588',-0.255
'0:15.592',-0.258
'0:15.596',-0.280
'0:15.600',-0.285
'0:15.604',-0.292
'0:15.608',-0.280
'0:15.612',-0.275
'0:15.616',-0.270
'0:15.620',-0.268
'0:15.624',-0.255
'0:15.628',-0.275
'0:15.632',-0.280
'0:15.636',-0.280
'0:15.640',-0.275
'0:15.644',-0.260
'0:15.648',-0.263
'0:15.652',-0.258
'0:15.656',-0.268
'0:15.660',-0.265
'0:15.664',-0.275
'0:15.668',-0.285
'0:15.672',-0.285
'0:15.676',-0.270
'0:15.680',-0.265
'0:15.684',-0.253
'0:15.688',-0.255
'0:15.692',-0.263
'0:15.696',-0.255
'0:15.700',-0.263
'0:15.704',-0.263
'0:15.708',-0.250
'0:15.712',-0.235
'0:15.716',-0.220
'0:15.720',-0.217
'0:15.724',-0.223
'0:15.728',-0.215
'0:15.732',-0.210
'0:15.736',-0.193
'0:15.740',-0.203
'0:15.744',-0.175
'0:15.748',-0.158
'0:15.752',-0.140
'0:15.756',-0.128
'0:15.760',-0.105
'0:15.764',-0.102
'0:15.768',-0.080
'0:15.772',-0.068
'0:15.776',-0.037
'0:15.780',-0.020
'0:15.784',-0.025
'0:15.788',-0.033
'0:15.792',-0.050
'0:15.796',-0.090
'0:15.800',-0.090
'0:15.804',-0.110
'0:15.808',-0.117
'0:15.812',-0.133
'0:15.816',-0.145
'0:15.820',-0.145
'0:15.824',-0.160
'0:15.828',-0.175
'0:15.832',-0.185
'0:15.836',-0.182
'0:15.840',-0.195
'0:15.844',-0.185
'0:15.848',-0.182
'0:15.852',-0.177
'0:15.856',-0.182
'0:15.860',-0.190
'0:15.864',-0.198
'0:15.868',-0.190
'0:15.872',-0.198
'0:15.876',-0.190
'0:15.880',-0.193
'0:15.884',-0.177
'0:15.888',-0.193
'0:15.892',-0.188
'0:15.896',-0.200
'0:15.900',-0.205
'0:15.904',-0.228
'0:15.908',-0.200
'0:15.912',-0.198
'0:15.916',-0.198
'0:15.920',-0.193
'0:15.924',-0.193
'0:15.928',-0.205
'0:15.932',-0.203
'0:15.936',-0.212
'0:15.940',-0.215
'0:15.944',-0.207
'0:15.948',-0.210
'0:15.952',-0.200
'0:15.956',-0.212
'0:15.960',-0.205
'0:15.964',-0.212
'0:15.968',-0.223
'0:15.972',-0.230
'0:15.976',-0.210
'0:15.980',-0.203
'0:15.984',-0.193
'0:15.988',-0.195
'0:15.992',-0.200
'0:15.996',-0.207
'0:16.000',-0.215
'0:16.004',-0.225
'0:16.008',-0.228
'0:16.012',-0.212
'0:16.016',-0.200
'0:16.020',-0.210
'0:16.024',-0.203
'0:16.028',-0.207
'0:16.032',-0.215
'0:16.036',-0.228
'0:16.040',-0.225
'0:16.044',-0.217
'0:16.048',-0.210
'0:16.052',-0.207
'0:16.056',-0.205
'0:16.060',-0.215
'0:16.064',-0.220
'0:16.068',-0.225
'0:16.072',-0.220
'0:16.076',-0.210
'0:16.080',-0.207
'0:16.084',-0.212
'0:16.088',-0.212
'0:16.092',-0.212
'0:16.096',-0.220
'0:16.100',-0.223
'0:16.104',-0.228
'0:16.108',-0.230
'0:16.112',-0.215
'0:16.116',-0.203
'0:16.120',-0.210
'0:16.124',-0.200
'0:16.128',-0.207
'0:16.132',-0.215
'0:16.136',-0.212
'0:16.140',-0.212
'0:16.144',-0.207
'0:16.148',-0.203
'0:16.152',-0.203
'0:16.156',-0.200
'0:16.160',-0.212
'0:16.164',-0.223
'0:16.168',-0.217
'0:16.172',-0.233
'0:16.176',-0.228
'0:16.180',-0.207
'0:16.184',-0.193
'0:16.188',-0.185
'0:16.192',-0.168
'0:16.196',-0.188
'0:16.200',-0.195
'0:16.204',-0.193
'0:16.208',-0.175
'0:16.212',-0.152
'0:16.216',-0.142
'0:16.220',-0.142
'0:16.224',-0.172
'0:16.228',-0.205
'0:16.232',-0.212
'0:16.236',-0.212
'0:16.240',-0.198
'0:16.244',-0.180
'0:16.248',-0.175
'0:16.252',-0.165
'0:16.256',-0.180
'0:16.260',-0.185
'0:16.264',-0.203
'0:16.268',-0.215
'0:16.272',-0.217
'0:16.276',-0.212
'0:16.280',-0.198
'0:16.284',-0.190
'0:16.288',-0.180
'0:16.292',-0.182
'0:16.296',-0.185
'0:16.300',-0.177
'0:16.304',-0.170
'0:16.308',-0.150
'0:16.312',-0.102
'0:16.316',-0.010
'0:16.320',0.095
'0:16.324',0.258
'0:16.328',0.427
'0:16.332',0.670
'0:16.336',0.945
'0:16.340',1.268
'0:16.344',1.570
'0:16.348',1.820
'0:16.352',1.968
'0:16.356',1.962
'0:16.360',1.740
'0:16.364',1.325
'0:16.368',0.772
'0:16.372',0.223
'0:16.376',-0.175
'0:16.380',-0.375
'0:16.384',-0.367
'0:16.388',-0.250
'0:16.392',-0.155
'0:16.396',-0.102
'0:16.400',-0.115
'0:16.404',-0.168
'0:16.408',-0.220
'0:16.412',-0.237
'0:16.416',-0.237
'0:16.420',-0.235
'0:16.424',-0.230
'0:16.428',-0.240
'0:16.432',-0.260
'0:16.436',-0.258
'0:16.440',-0.268
'0:16.444',-0.268
'0:16.448',-0.240
'0:16.452',-0.253
'0:16.456',-0.258
'0:16.460',-0.260
'0:16.464',-0.263
'0:16.468',-0.268
'0:16.472',-0.273
'0:16.476',-0.275
'0:16.480',-0.260
'0:16.484',-0.265
'0:16.488',-0.263
'0:16.492',-0.265
'0:16.496',-0.280
'0:16.500',-0.278
'0:16.504',-0.280
'0:16.508',-0.278
'0:16.512',-0.278
'0:16.516',-0.263
'0:16.520',-0.265
'0:16.524',-0.265
'0:16.528',-0.273
'0:16.532',-0.287
'0:16.536',-0.287
'0:16.540',-0.282
'0:16.544',-0.273
'0:16.548',-0.260
'0:16.552',-0.255
'0:16.556',-0.247
'0:16.560',-0.247
'0:16.564',-0.258
'0:16.568',-0.255
'0:16.572',-0.245
'0:16.576',-0.225
'0:16.580',-0.210
'0:16.584',-0.200
'0:16.588',-0.182
'0:16.592',-0.175
'0:16.596',-0.170
'0:16.600',-0.155
'0:16.604',-0.138
'0:16.608',-0.125
'0:16.612',-0.080
'0:16.616',-0.045
'0:16.620',-0.020
'0:16.624',-0.018
'0:16.628',-0.005
'0:16.632',-0.010
'0:16.636',-0.022
'0:16.640',-0.037
'0:16.644',-0.058
'0:16.648',-0.070
'0:16.652',-0.080
'0:16.656',-0.100
'0:16.660',-0.128
'0:16.664',-0.140
'0:16.668',-0.150
'0:16.672',-0.158
'0:16.676',-0.172
'0:16.680',-0.165
'0:16.684',-0.160
'0:16.688',-0.160
'0:16.692',-0.172
'0:16.696',-0.177
'0:16.700',-0.185
'0:16.704',-0.182
'0:16.708',-0.175
'0:16.712',-0.175
'0:16.716',-0.170
'0:16.720',-0.165
'0:16.724',-0.177
'0:16.728',-0.182
'0:16.732',-0.190
'0:16.736',-0.200
'0:16.740',-0.190
'0:16.744',-0.177
'0:16.748',-0.175
'0:16.752',-0.177
'0:16.756',-0.182
'0:16.760',-0.195
'0:16.764',-0.217
'0:16.768',-0.200
'0:16.772',-0.210
'0:16.776',-0.190
'0:16.780',-0.205
'0:16.784',-0.195
'0:16.788',-0.205
'0:16.792',-0.198
'0:16.796',-0.207
'0:16.800',-0.210
'0:16.804',-0.228
'0:16.808',-0.217
'0:16.812',-0.217
'0:16.816',-0.200
'0:16.820',-0.205
'0:16.824',-0.212
'0:16.828',-0.223
'0:16.832',-0.225
'0:16.836',-0.225
'0:16.840',-0.230
'0:16.844',-0.212
'0:16.848',-0.220
'0:16.852',-0.210
'0:16.856',-0.205
'0:16.860',-0.212
'0:16.864',-0.230
'0:16.868',-0.230
'0:16.872',-0.230
'0:16.876',-0.223
'0:16.880',-0.217
'0:16.884',-0.225
'0:16.888',-0.220
'0:16.892',-0.223
'0:16.896',-0.228
'0:16.900',-0.230
'0:16.904',-0.225
'0:16.908',-0.225
'0:16.912',-0.212
'0:16.916',-0.212
'0:16.920',-0.223
'0:16.924',-0.217
'0:16.928',-0.215
'0:16.932',-0.220
'0:16.936',-0.220
'0:16.940',-0.230
'0:16.944',-0.210
'0:16.948',-0.207
'0:16.952',-0.198
'0:16.956',-0.207
'0:16.960',-0.212
'0:16.964',-0.228
'0:16.968',-0.233
'0:16.972',-0.228
'0:16.976',-0.220
'0:16.980',-0.207
'0:16.984',-0.210
'0:16.988',-0.210
'0:16.992',-0.215
'0:16.996',-0.220
'0:17.000',-0.220
'0:17.004',-0.225
'0:17.008',-0.220
'0:17.012',-0.207
'0:17.016',-0.203
'0:17.020',-0.203
'0:17.024',-0.210
'0:17.028',-0.220
'0:17.032',-0.233
'0:17.036',-0.225
'0:17.040',-0.217
'0:17.044',-0.195
'0:17.048',-0.163
'0:17.052',-0.168
'0:17.056',-0.180
'0:17.060',-0.185
'0:17.064',-0.190
'0:17.068',-0.188
'0:17.072',-0.185
'0:17.076',-0.200
'0:17.080',-0.210
'0:17.084',-0.207
'0:17.088',-0.207
'0:17.092',-0.198
'0:17.096',-0.205
'0:17.100',-0.205
'0:17.104',-0.217
'0:17.108',-0.205
'0:17.112',-0.220
'0:17.116',-0.220
'0:17.120',-0.223
'0:17.124',-0.233
'0:17.128',-0.233
'0:17.132',-0.230
'0:17.136',-0.220
'0:17.140',-0.223
'0:17.144',-0.200
'0:17.148',-0.200
'0:17.152',-0.190
'0:17.156',-0.177
'0:17.160',-0.160
'0:17.164',-0.135
'0:17.168',-0.058
'0:17.172',0.040
'0:17.176',0.195
'0:17.180',0.375
'0:17.184',0.610
'0:17.188',0.895
'0:17.192',1.222
'0:17.196',1.520
'0:17.200',1.768
'0:17.204',1.927
'0:17.208',1.972
'0:17.212',1.840
'0:17.216',1.475
'0:17.220',0.980
'0:17.224',0.410
'0:17.228',-0.055
'0:17.232',-0.312
'0:17.236',-0.372
'0:17.240',-0.290
'0:17.244',-0.180
'0:17.248',-0.105
'0:17.252',-0.115
'0:17.256',-0.152
'0:17.260',-0.212
'0:17.264',-0.250
'0:17.268',-0.275
'0:17.272',-0.270
'0:17.276',-0.265
'0:17.280',-0.260
'0:17.284',-0.250
'0:17.288',-0.260
'0:17.292',-0.270
'0:17.296',-0.275
'0:17.300',-0.290
'0:17.304',-0.292
'0:17.308',-0.282
'0:17.312',-0.278
'0:17.316',-0.275
'0:17.320',-0.270
'0:17.324',-0.270
'0:17.328',-0.290
'0:17.332',-0.295
'0:17.336',-0.302
'0:17.340',-0.310
'0:17.344',-0.297
'0:17.348',-0.285
'0:17.352',-0.292
'0:17.356',-0.302
'0:17.360',-0.287
'0:17.364',-0.312
'0:17.368',-0.300
'0:17.372',-0.295
'0:17.376',-0.307
'0:17.380',-0.290
'0:17.384',-0.297
'0:17.388',-0.285
'0:17.392',-0.290
'0:17.396',-0.305
'0:17.400',-0.290
'0:17.404',-0.302
'0:17.408',-0.282
'0:17.412',-0.287
'0:17.416',-0.268
'0:17.420',-0.265
'0:17.424',-0.270
'0:17.428',-0.258
'0:17.432',-0.250
'0:17.436',-0.263
'0:17.440',-0.245
'0:17.444',-0.228
'0:17.448',-0.220
'0:17.452',-0.203
'0:17.456',-0.193
'0:17.460',-0.188
'0:17.464',-0.172
'0:17.468',-0.152
'0:17.472',-0.145
'0:17.476',-0.113
'0:17.480',-0.072
'0:17.484',-0.048
'0:17.488',-0.050
'0:17.492',-0.030
'0:17.496',-0.040
'0:17.500',-0.035
'0:17.504',-0.045
'0:17.508',-0.058
'0:17.512',-0.060
'0:17.516',-0.068
'0:17.520',-0.090
'0:17.524',-0.107
'0:17.528',-0.125
'0:17.532',-0.142
'0:17.536',-0.155
'0:17.540',-0.160
'0:17.544',-0.165
'0:17.548',-0.165
'0:17.552',-0.163
'0:17.556',-0.175
'0:17.560',-0.188
'0:17.564',-0.182
'0:17.568',-0.190
'0:17.572',-0.190
'0:17.576',-0.188
'0:17.580',-0.180
'0:17.584',-0.175
'0:17.588',-0.170
'0:17.592',-0.182
'0:17.596',-0.193
'0:17.600',-0.185
'0:17.604',-0.193
'0:17.608',-0.185
'0:17.612',-0.193
'0:17.616',-0.182
'0:17.620',-0.175
'0:17.624',-0.188
'0:17.628',-0.198
'0:17.632',-0.200
'0:17.636',-0.205
'0:17.640',-0.205
'0:17.644',-0.203
'0:17.648',-0.203
'0:17.652',-0.193
'0:17.656',-0.198
'0:17.660',-0.207
'0:17.664',-0.207
'0:17.668',-0.225
'0:17.672',-0.217
'0:17.676',-0.217
'0:17.680',-0.215
'0:17.684',-0.203
'0:17.688',-0.205
'0:17.692',-0.215
'0:17.696',-0.235
'0:17.700',-0.237
'0:17.704',-0.235
'0:17.708',-0.228
'0:17.712',-0.233
'0:17.716',-0.217
'0:17.720',-0.217
'0:17.724',-0.215
'0:17.728',-0.212
'0:17.732',-0.240
'0:17.736',-0.237
'0:17.740',-0.253
'0:17.744',-0.228
'0:17.748',-0.230
'0:17.752',-0.210
'0:17.756',-0.220
'0:17.760',-0.212
'0:17.764',-0.233
'0:17.768',-0.225
'0:17.772',-0.237
'0:17.776',-0.228
'0:17.780',-0.203
'0:17.784',-0.210
'0:17.788',-0.210
'0:17.792',-0.225
'0:17.796',-0.225
'0:17.800',-0.228
'0:17.804',-0.220
'0:17.808',-0.235
'0:17.812',-0.223
'0:17.816',-0.205
'0:17.820',-0.217
'0:17.824',-0.230
'0:17.828',-0.220
'0:17.832',-0.230
'0:17.836',-0.228
'0:17.840',-0.225
'0:17.844',-0.215
'0:17.848',-0.205
'0:17.852',-0.203
'0:17.856',-0.210
'0:17.860',-0.205
'0:17.864',-0.215
'0:17.868',-0.223
'0:17.872',-0.215
'0:17.876',-0.228
'0:17.880',-0.217
'0:17.884',-0.198
'0:17.888',-0.195
'0:17.892',-0.210
'0:17.896',-0.215
'0:17.900',-0.220
'0:17.904',-0.228
'0:17.908',-0.223
'0:17.912',-0.210
'0:17.916',-0.198
'0:17.920',-0.203
'0:17.924',-0.198
'0:17.928',-0.228
'0:17.932',-0.210
'0:17.936',-0.217
'0:17.940',-0.220
'0:17.944',-0.207
'0:17.948',-0.203
'0:17.952',-0.210
'0:17.956',-0.205
'0:17.960',-0.210
'0:17.964',-0.212
'0:17.968',-0.198
'0:17.972',-0.195
'0:17.976',-0.182
'0:17.980',-0.185
'0:17.984',-0.177
'0:17.988',-0.182
'0:17.992',-0.175
'0:17.996',-0.190
'0:18.000',-0.195
'0:18.004',-0.207
'0:18.008',-0.217
'0:18.012',-0.210
'0:18.016',-0.190
'0:18.020',-0.200
'0:18.024',-0.193
'0:18.028',-0.200
'0:18.032',-0.212
'0:18.036',-0.217
'0:18.040',-0.220
'0:18.044',-0.233
'0:18.048',-0.212
'0:18.052',-0.210
'0:18.056',-0.212
'0:18.060',-0.215
'0:18.064',-0.205
'0:18.068',-0.210
'0:18.072',-0.205
'0:18.076',-0.200
'0:18.080',-0.182
'0:18.084',-0.172
'0:18.088',-0.172
'0:18.092',-0.158
'0:18.096',-0.100
'0:18.100',-0.022
'0:18.104',0.095
'0:18.108',0.240
'0:18.112',0.453
'0:18.116',0.720
'0:18.120',1.050
'0:18.124',1.377
'0:18.128',1.665
'0:18.132',1.885
'0:18.136',1.990
'0:18.140',1.923
'0:18.144',1.640
'0:18.148',1.143
'0:18.152',0.555
'0:18.156',0.037
'0:18.160',-0.285
'0:18.164',-0.393
'0:18.168',-0.302
'0:18.172',-0.195
'0:18.176',-0.110
'0:18.180',-0.113
'0:18.184',-0.152
'0:18.188',-0.207
'0:18.192',-0.258
'0:18.196',-0.278
'0:18.200',-0.273
'0:18.204',-0.265
'0:18.208',-0.265
'0:18.212',-0.255
'0:18.216',-0.250
'0:18.220',-0.258
'0:18.224',-0.268
'0:18.228',-0.270
'0:18.232',-0.290
'0:18.236',-0.292
'0:18.240',-0.287
'0:18.244',-0.290
'0:18.248',-0.290
'0:18.252',-0.280
'0:18.256',-0.280
'0:18.260',-0.290
'0:18.264',-0.292
'0:18.268',-0.297
'0:18.272',-0.297
'0:18.276',-0.290
'0:18.280',-0.282
'0:18.284',-0.278
'0:18.288',-0.285
'0:18.292',-0.282
'0:18.296',-0.290
'0:18.300',-0.300
'0:18.304',-0.295
'0:18.308',-0.295
'0:18.312',-0.282
'0:18.316',-0.282
'0:18.320',-0.278
'0:18.324',-0.278
'0:18.328',-0.278
'0:18.332',-0.287
'0:18.336',-0.290
'0:18.340',-0.282
'0:18.344',-0.273
'0:18.348',-0.260
'0:18.352',-0.240
'0:18.356',-0.237
'0:18.360',-0.230
'0:18.364',-0.240
'0:18.368',-0.235
'0:18.372',-0.217
'0:18.376',-0.193
'0:18.380',-0.175
'0:18.384',-0.147
'0:18.388',-0.135
'0:18.392',-0.115
'0:18.396',-0.100
'0:18.400',-0.075
'0:18.404',-0.058
'0:18.408',-0.048
'0:18.412',-0.010
'0:18.416',-0.013
'0:18.420',-0.020
'0:18.424',-0.015
'0:18.428',-0.045
'0:18.432',-0.070
'0:18.436',-0.090
'0:18.440',-0.107
'0:18.444',-0.115
'0:18.448',-0.117
'0:18.452',-0.128
'0:18.456',-0.145
'0:18.460',-0.152
'0:18.464',-0.172
'0:18.468',-0.170
'0:18.472',-0.170
'0:18.476',-0.168
'0:18.480',-0.163
'0:18.484',-0.160
'0:18.488',-0.158
'0:18.492',-0.160
'0:18.496',-0.172
'0:18.500',-0.185
'0:18.504',-0.188
'0:18.508',-0.177
'0:18.512',-0.170
'0:18.516',-0.177
'0:18.520',-0.175
'0:18.524',-0.172
'0:18.528',-0.180
'0:18.532',-0.180
'0:18.536',-0.195
'0:18.540',-0.198
'0:18.544',-0.207
'0:18.548',-0.182
'0:18.552',-0.180
'0:18.556',-0.193
'0:18.560',-0.195
'0:18.564',-0.200
'0:18.568',-0.215
'0:18.572',-0.203
'0:18.576',-0.205
'0:18.580',-0.205
'0:18.584',-0.205
'0:18.588',-0.193
'0:18.592',-0.210
'0:18.596',-0.217
'0:18.600',-0.223
'0:18.604',-0.230
'0:18.608',-0.225
'0:18.612',-0.223
'0:18.616',-0.205
'0:18.620',-0.212
'0:18.624',-0.223
'0:18.628',-0.220
'0:18.632',-0.230
'0:18.636',-0.233
'0:18.640',-0.233
'0:18.644',-0.225
'0:18.648',-0.220
'0:18.652',-0.207
'0:18.656',-0.212
'0:18.660',-0.220
'0:18.664',-0.223
'0:18.668',-0.230
'0:18.672',-0.230
'0:18.676',-0.230
'0:18.680',-0.205
'0:18.684',-0.210
'0:18.688',-0.200
'0:18.692',-0.212
'0:18.696',-0.223
'0:18.700',-0.233
'0:18.704',-0.237
'0:18.708',-0.230
'0:18.712',-0.210
'0:18.716',-0.207
'0:18.720',-0.200
'0:18.724',-0.203
'0:18.728',-0.215
'0:18.732',-0.217
'0:18.736',-0.217
'0:18.740',-0.230
'0:18.744',-0.223
'0:18.748',-0.215
'0:18.752',-0.215
'0:18.756',-0.225
'0:18.760',-0.228
'0:18.764',-0.230
'0:18.768',-0.240
'0:18.772',-0.230
'0:18.776',-0.220
'0:18.780',-0.200
'0:18.784',-0.195
'0:18.788',-0.200
'0:18.792',-0.200
'0:18.796',-0.207
'0:18.800',-0.217
'0:18.804',-0.207
'0:18.808',-0.210
'0:18.812',-0.190
'0:18.816',-0.205
'0:18.820',-0.203
'0:18.824',-0.198
'0:18.828',-0.207
'0:18.832',-0.210
'0:18.836',-0.210
'0:18.840',-0.212
'0:18.844',-0.207
'0:18.848',-0.200
'0:18.852',-0.198
'0:18.856',-0.200
'0:18.860',-0.207
'0:18.864',-0.215
'0:18.868',-0.220
'0:18.872',-0.225
'0:18.876',-0.210
'0:18.880',-0.203
'0:18.884',-0.182
'0:18.888',-0.177
'0:18.892',-0.177
'0:18.896',-0.193
'0:18.900',-0.190
'0:18.904',-0.190
'0:18.908',-0.182
'0:18.912',-0.182
'0:18.916',-0.182
'0:18.920',-0.182
'0:18.924',-0.182
'0:18.928',-0.190
'0:18.932',-0.193
'0:18.936',-0.188
'0:18.940',-0.193
'0:18.944',-0.193
'0:18.948',-0.203
'0:18.952',-0.212
'0:18.956',-0.215
'0:18.960',-0.228
'0:18.964',-0.228
'0:18.968',-0.220
'0:18.972',-0.217
'0:18.976',-0.203
'0:18.980',-0.198
'0:18.984',-0.177
'0:18.988',-0.175
'0:18.992',-0.170
'0:18.996',-0.165
'0:19.000',-0.147
'0:19.004',-0.085
'0:19.008',0.000
'0:19.012',0.142
'0:19.016',0.323
'0:19.020',0.525
'0:19.024',0.810
'0:19.028',1.120
'0:19.032',1.440
'0:19.036',1.712
'0:19.040',1.915
'0:19.044',1.950
'0:19.048',1.765
'0:19.052',1.320
'0:19.056',0.738
'0:19.060',0.142
'0:19.064',-0.292
'0:19.068',-0.445
'0:19.072',-0.400
'0:19.076',-0.253
'0:19.080',-0.142
'0:19.084',-0.113
'0:19.088',-0.140
'0:19.092',-0.217
'0:19.096',-0.263
'0:19.100',-0.278
'0:19.104',-0.285
'0:19.108',-0.273
'0:19.112',-0.255
'0:19.116',-0.250
'0:19.120',-0.240
'0:19.124',-0.255
'0:19.128',-0.263
'0:19.132',-0.280
'0:19.136',-0.282
'0:19.140',-0.292
'0:19.144',-0.297
'0:19.148',-0.278
'0:19.152',-0.270
'0:19.156',-0.275
'0:19.160',-0.280
'0:19.164',-0.285
'0:19.168',-0.292
'0:19.172',-0.290
'0:19.176',-0.287
'0:19.180',-0.285
'0:19.184',-0.268
'0:19.188',-0.275
'0:19.192',-0.282
'0:19.196',-0.282
'0:19.200',-0.280
'0:19.204',-0.285
'0:19.208',-0.285
'0:19.212',-0.278
'0:19.216',-0.278
'0:19.220',-0.253
'0:19.224',-0.260
'0:19.228',-0.258
'0:19.232',-0.268
'0:19.236',-0.263
'0:19.240',-0.247
'0:19.244',-0.235
'0:19.248',-0.233
'0:19.252',-0.215
'0:19.256',-0.215
'0:19.260',-0.210
'0:19.264',-0.205
'0:19.268',-0.203
'0:19.272',-0.185
'0:19.276',-0.170
'0:19.280',-0.142
'0:19.284',-0.120
'0:19.288',-0.110
'0:19.292',-0.095
'0:19.296',-0.070
'0:19.300',-0.050
'0:19.304',-0.030
'0:19.308',-0.028
'0:19.312',-0.025
'0:19.316',-0.028
'0:19.320',-0.030
'0:19.324',-0.043
'0:19.328',-0.070
'0:19.332',-0.098
'0:19.336',-0.105
'0:19.340',-0.120
'0:19.344',-0.130
'0:19.348',-0.135
'0:19.352',-0.133
'0:19.356',-0.155
'0:19.360',-0.170
'0:19.364',-0.188
'0:19.368',-0.180
'0:19.372',-0.188
'0:19.376',-0.188
'0:19.380',-0.177
'0:19.384',-0.177
'0:19.388',-0.160
'0:19.392',-0.175
'0:19.396',-0.182
'0:19.400',-0.198
'0:19.404',-0.200
'0:19.408',-0.193
'0:19.412',-0.190
'0:19.416',-0.182
'0:19.420',-0.182
'0:19.424',-0.182
'0:19.428',-0.182
'0:19.432',-0.198
'0:19.436',-0.203
'0:19.440',-0.198
'0:19.444',-0.200
'0:19.448',-0.180
'0:19.452',-0.188
'0:19.456',-0.188
'0:19.460',-0.195
'0:19.464',-0.198
'0:19.468',-0.200
'0:19.472',-0.198
'0:19.476',-0.205
'0:19.480',-0.210
'0:19.484',-0.188
'0:19.488',-0.195
'0:19.492',-0.193
'0:19.496',-0.205
'0:19.500',-0.205
'0:19.504',-0.212
'0:19.508',-0.228
'0:19.512',-0.207
'0:19.516',-0.198
'0:19.520',-0.195
'0:19.524',-0.198
'0:19.528',-0.200
'0:19.532',-0.215
'0:19.536',-0.217
'0:19.540',-0.220
'0:19.544',-0.210
'0:19.548',-0.205
'0:19.552',-0.200
'0:19.556',-0.205
'0:19.560',-0.205
'0:19.564',-0.225
'0:19.568',-0.217
'0:19.572',-0.215
'0:19.576',-0.207
'0:19.580',-0.200
'0:19.584',-0.200
'0:19.588',-0.195
'0:19.592',-0.207
'0:19.596',-0.212
'0:19.600',-0.207
'0:19.604',-0.207
'0:19.608',-0.203
'0:19.612',-0.198
'0:19.616',-0.182
'0:19.620',-0.190
'0:19.624',-0.203
'0:19.628',-0.203
'0:19.632',-0.207
'0:19.636',-0.215
'0:19.640',-0.215
'0:19.644',-0.210
'0:19.648',-0.203
'0:19.652',-0.190
'0:19.656',-0.205
'0:19.660',-0.200
'0:19.664',-0.207
'0:19.668',-0.207
'0:19.672',-0.215
'0:19.676',-0.215
'0:19.680',-0.207
'0:19.684',-0.190
'0:19.688',-0.193
'0:19.692',-0.200
'0:19.696',-0.205
'0:19.700',-0.228
'0:19.704',-0.217
'0:19.708',-0.217
'0:19.712',-0.200
'0:19.716',-0.198
'0:19.720',-0.195
'0:19.724',-0.207
'0:19.728',-0.203
'0:19.732',-0.200
'0:19.736',-0.215
'0:19.740',-0.210
'0:19.744',-0.210
'0:19.748',-0.212
'0:19.752',-0.190
'0:19.756',-0.188
'0:19.760',-0.182
'0:19.764',-0.188
'0:19.768',-0.190
'0:19.772',-0.190
'0:19.776',-0.175
'0:19.780',-0.155
'0:19.784',-0.152
'0:19.788',-0.165
'0:19.792',-0.182
'0:19.796',-0.210
'0:19.800',-0.200
'0:19.804',-0.195
'0:19.808',-0.182
'0:19.812',-0.168
'0:19.816',-0.175
'0:19.820',-0.182
'0:19.824',-0.193
'0:19.828',-0.203
'0:19.832',-0.215
'0:19.836',-0.217
'0:19.840',-0.207
'0:19.844',-0.200
'0:19.848',-0.182
'0:19.852',-0.175
'0:19.856',-0.170
'0:19.860',-0.180
'0:19.864',-0.177
'0:19.868',-0.180
'0:19.872',-0.158
'0:19.876',-0.147
'0:19.880',-0.090
'0:19.884',-0.005
'0:19.888',0.110
'0:19.892',0.278
'0:19.896',0.468
'0:19.900',0.690
'0:19.904',0.980
'0:19.908',1.288
'0:19.912',1.575
'0:19.916',1.808
'0:19.920',1.938
'0:19.924',1.873
'0:19.928',1.590
'0:19.932',1.113
'0:19.936',0.570
'0:19.940',0.068
'0:19.944',-0.273
'0:19.948',-0.393
'0:19.952',-0.357
'0:19.956',-0.255
'0:19.960',-0.158
'0:19.964',-0.110
'0:19.968',-0.117
'0:19.972',-0.165
'0:19.976',-0.200
'0:19.980',-0.220
'0:19.984',-0.223
'0:19.988',-0.228
'0:19.992',-0.217
'0:19.996',-0.235
'0:20.000',-0.230
'0:20.004',-0.253
'0:20.008',-0.245
'0:20.012',-0.240
'0:20.016',-0.230
'0:20.020',-0.228
'0:20.024',-0.228
'0:20.028',-0.237
'0:20.032',-0.240
'0:20.036',-0.253
'0:20.040',-0.242
'0:20.044',-0.237
'0:20.048',-0.237
'0:20.052',-0.230
'0:20.056',-0.237
'0:20.060',-0.255
'0:20.064',-0.258
'0:20.068',-0.263
'0:20.072',-0.270
'0:20.076',-0.260
'0:20.080',-0.253
'0:20.084',-0.235
'0:20.088',-0.233
'0:20.092',-0.247
'0:20.096',-0.255
'0:20.100',-0.265
'0:20.104',-0.263
'0:20.108',-0.253
'0:20.112',-0.237
'0:20.116',-0.225
'0:20.120',-0.235
'0:20.124',-0.235
'0:20.128',-0.242
'0:20.132',-0.253
'0:20.136',-0.253
'0:20.140',-0.245
'0:20.144',-0.228
'0:20.148',-0.223
'0:20.152',-0.215
'0:20.156',-0.220
'0:20.160',-0.195
'0:20.164',-0.203
'0:20.168',-0.190
'0:20.172',-0.200
'0:20.176',-0.182
'0:20.180',-0.160
'0:20.184',-0.138
'0:20.188',-0.125
'0:20.192',-0.107
'0:20.196',-0.077
'0:20.200',-0.077
'0:20.204',-0.065
'0:20.208',-0.043
'0:20.212',-0.028
'0:20.216',-0.010
'0:20.220',-0.007
'0:20.224',-0.035
'0:20.228',-0.035
'0:20.232',-0.058
'0:20.236',-0.065
'0:20.240',-0.092
'0:20.244',-0.095
'0:20.248',-0.087
'0:20.252',-0.098
'0:20.256',-0.102
'0:20.260',-0.125
'0:20.264',-0.145
'0:20.268',-0.165
'0:20.272',-0.177
'0:20.276',-0.158
'0:20.280',-0.172
'0:20.284',-0.160
'0:20.288',-0.165
'0:20.292',-0.165
'0:20.296',-0.175
'0:20.300',-0.177
'0:20.304',-0.177
'0:20.308',-0.170
'0:20.312',-0.170
'0:20.316',-0.170
'0:20.320',-0.160
'0:20.324',-0.172
'0:20.328',-0.180
'0:20.332',-0.188
'0:20.336',-0.195
'0:20.340',-0.188
'0:20.344',-0.182
'0:20.348',-0.170
'0:20.352',-0.185
'0:20.356',-0.175
'0:20.360',-0.188
'0:20.364',-0.193
'0:20.368',-0.200
'0:20.372',-0.193
'0:20.376',-0.190
'0:20.380',-0.188
'0:20.384',-0.182
'0:20.388',-0.180
'0:20.392',-0.185
'0:20.396',-0.203
'0:20.400',-0.190
'0:20.404',-0.195
'0:20.408',-0.198
'0:20.412',-0.180
'0:20.416',-0.188
'0:20.420',-0.190
'0:20.424',-0.190
'0:20.428',-0.200
'0:20.432',-0.207
'0:20.436',-0.215
'0:20.440',-0.215
'0:20.444',-0.210
'0:20.448',-0.188
'0:20.452',-0.188
'0:20.456',-0.193
'0:20.460',-0.200
'0:20.464',-0.212
'0:20.468',-0.215
'0:20.472',-0.212
'0:20.476',-0.207
